Age,Age Group,Gender,Relationship Status,City,Captured the information from,Name of App 1,Percentage usage of App 1,Normalized percentage1,Name of App 2,Percentage usage of App 2,Normalized percentage2,Name of App 3,Percentage usage of App 3,Normalized percentage3,Name of App 4,Percentage usage of App 4,Normalized percentage4,Name of App 5,Percentage usage of App 5,Normalized percentage5,Name of App 6,Percentage usage of App 6,Normalized percentage6,Name of App 7,Percentage usage of App 7,Normalized percentage7,Name of App 8,Percentage usage of App 8,Normalized percentage8,Name of App 9,Percentage usage of App 9,Normalized percentage9,Name of App 10,Percentage usage of App 10,Normalized percentage10,Name of App 11,Percentage usage of App 11,Normalized percentage11,Name of App 12,Percentage usage of App 12,Normalized percentage12,Name of App 13,Percentage usage of App 13,Normalized percentage13,Name of App 14,Percentage usage of App 14,Normalized percentage14,Name of App 15,Percentage usage of App 15,Normalized percentage15,Name of App 16,Percentage usage of App 16,Normalized percentage16,Name of App 17,Percentage usage of App 17,Normalized percentage17,Name of App 18,Percentage usage of App 18,Normalized percentage18,Name of App 19,Percentage usage of App 19,Normalized percentage19,Name of App 20,Percentage usage of App 20,Normalized percentage20,Name of App 21,Percentage usage of App 21,Normalized percentage21,Name of App 22,Percentage usage of App 22,Name of App 23,Percentage usage of App 23,Name of App 24,Percentage usage of App 24,Name of App 25,Percentage usage of App 25,Name of App 26,Percentage usage of App 26,Name of App 27,Percentage usage of App 27,Name of App 28,Percentage usage of App 28,Name of App 29,Percentage usage of App 29,Name of App 30,Percentage usage of App 30
35,26 - 35,Female,Married with kids,Delhi NCR,Last 24 hours,Youtube,11.80%,,Whatsapp,8.10%,,Instagram,7.50%,,Flipkart,2.90%,,Amazon,1.60%,,Facebook,1.10%,,Moj,0.80%,,Meesho,0.70%,,Google Play Store (Service),0.70%,,Google,0.60%,,,,0,,,0,,,0,,,0,,,0,,,0,,,0,,,0,,,0,,,0,,,0,,,,,,,,,,,,,,,,,,
21,18 - 25,Female,In a relationship,Mumbai,Last 48 hours,Youtube,33.08%,,Candy Crush Soda,18.92%,,Candy Crush Saga,13.97%,,Ludo King,9.08%,,MX Player,8.22%,,Pratilipi FM,2.34%,,Meesho,1.93%,,Whatsapp,1.74%,,Netflix,1.22%,,Google Play Store (Service),1.14%,,,,,,,,,,,,,,,,,,,,,,,,,,,,,,,,,,,,,,,,,,,,,,,,,,,,
29,26 - 35,Female,In a relationship,Kolkata,Last 24 hours,Chrome,20.20%,,Facebook,2.80%,,Instagram,1.60%,,Whatsapp,0.90%,,Flipkart,0.60%,,Google,0.30%,,Truecaller,0.30%,,AJIO,0.20%,,Google Play Store (Service),0.20%,,Messenger,0.10%,,,,0,,,0,,,0,,,0,,,0,,,0,,,0,,,0,,,0,,,0,,,0,,,,,,,,,,,,,,,,,,
30,26 - 35,Female,Married with kids,Delhi NCR,Last 24 hours,Gmail,15.11%,,Whatsapp,11.33%,,Instagram,8.90%,,Wynk Music,2.35%,,Swiggy,1.95%,,Amazon,1.76%,,Facebook,1.30%,,Google Play Store (Service),1.25%,,Truecaller,1.03%,,AJIO,0.91%,,,,0,,,0,,,0,,,0,,,0,,,0,,,0,,,0,,,0,,,0,,,0,,,,,,,,,,,,,,,,,,
24,18 - 25,Female,In a relationship,Mumbai,Last 24 hours,Whatsapp,7.20%,,Netflix,2.90%,,Instagram,2.90%,,Snapchat,0.30%,,Google Play Store (Service),0.30%,,Google Play Store (Service),0.20%,,,,,,,,,,,,,,,,0,,,0,,,0,,,0,,,0,,,0,,,0,,,0,,,0,,,0,,,0,,,,,,,,,,,,,,,,,,
29,26 - 35,Female,Married with kids,Delhi NCR,Last 24 hours,Instagram,30%,,Whatsapp,19%,,Amazon,7%,,Facebook,3%,,mobile pay,1%,,First Cry.com,1%,,Google maps,1%,,Freeskout,1%,,Gmail,,,Phonepe,,,Flipkart,,0,Maps,,0,InShot,,0,Bigbasket,,0,Momspresso MyMoney,,0,,,0,,,0,,,0,,,0,,,0,,,0,,,,,,,,,,,,,,,,,,
35,26 - 35,Female,Married with kids,Bangalore,Last 24 hours,Youtube,10.90%,,Chrome,6.20%,,Google Play Store (Service),3.80%,,Whatsapp,3.70%,,Snapchat,2.00%,,Truecaller,1.40%,,Truecaller,1.40%,,Google,1.10%,,Swiggy,1.00%,,Facebook,0.70%,,Goibibo,0.50%,0.008145976,Internet/Browser,0.40%,0.006516781,Google Play Store (Service),0.40%,0.006516781,Indiamart,0.40%,0.006516781,,,0,,,0,,,0,,,0,,,0,,,0,,,0,,,,,,,,,,,,,,,,,,
30,26 - 35,Female,Married with kids,Kolkata,Last 24 hours,Whatsapp,43.68%,,Instagram,12.27%,,Facebook,12.11%,,Chrome,1.91%,,Moj,1.26%,,Gboard,1.18%,,Messenger,0.72%,,Smart Assistant,0.88%,,Google Play Store (Service),0.56%,,,,,,,0,,,0,,,0,,,0,,,0,,,0,,,0,,,0,,,0,,,0,,,0,,,,,,,,,,,,,,,,,,
23,18 - 25,Female,In a relationship,Kolkata,Last 24 hours,Instagram,45.80%,,Whatsapp,24.79%,,Dream Blast,13.97%,,Gboard,3.33%,,Facebook,2.41%,,Google Play Store (Service),1.60%,,Airtel,1.55%,,,,,,,,,,,,,0,,,0,,,0,,,0,,,0,,,0,,,0,,,0,,,0,,,0,,,0,,,,,,,,,,,,,,,,,,
20,18 - 25,Female,In a relationship,Kolkata,Last 24 hours,Whatsapp,27.39%,,Instagram,23.82%,,,,,,,,,,,,,,,,,,,,,,,,,,,,0,,,0,,,0,,,0,,,0,,,0,,,0,,,0,,,0,,,0,,,0,,,,,,,,,,,,,,,,,,
21,18 - 25,Female,In a relationship,Mumbai,Last 24 hours,Instagram,52%,,Whatsapp,19%,,World Universe ,10%,,Snapchat,5%,,Youtube,0%,,,,,,,,,,,,,,,,,,,0,,,0,,,0,,,0,,,0,,,0,,,0,,,0,,,0,,,0,,,0,,,,,,,,,,,,,,,,,,
28,26 - 35,Female,In a relationship,Kolkata,Last 24 hours,Instagram,23.82%,,Whatsapp,17.30%,,Lite,7.70%,,Chrome,2.76%,,Messenger,2.22%,,Google Play Store (Service),2.07%,,Google Play Store (Service),1.17%,,Google Play Store (Service),0.62%,,,,,,,,,,0,,,0,,,0,,,0,,,0,,,0,,,0,,,0,,,0,,,0,,,0,,,,,,,,,,,,,,,,,,
32,26 - 35,Female,Married with kids,Bangalore,Last 24 hours,Whatsapp,21%,,Spotify,17%,,Instagram,14%,,Facebook,12%,,Youtube,6%,,Gmail,5%,,2048 game,5%,,Linkedin,4%,,Good creator,2%,,Safari,2%,,Amazon,1%,0.016291952,My Jio,,0,Telegram,,0,Blinkit,,0,Airtel Xsafe,,0,Sheets,,0,InShot,,0,Dream11,,0,Ola,,0,Truecaller,,0,,,0,,,,,,,,,,,,,,,,,,
24,18 - 25,Female,In a relationship,Bangalore,Last 24 hours,Whatsapp,37%,,Instagram,19%,,Zomato,8%,,Uber,5%,,Battlegrounds,4%,,Chrome,4%,,Google Maps,3%,,Rapido,2%,,Youtube,1%,,Bhim UPI,1%,,ET,1%,0.016291952,Gmail,1%,0.016291952,Google Pay,1%,0.016291952,CapCut,,0,Maps,,0,Swiggy,,0,Splitwise,,0,Linkedin,,0,Facebook,,0,Airtel,,0,,,0,,,,,,,,,,,,,,,,,,
31,26 - 35,Female,Married with kids,Bangalore,Last 24 hours,Instagram,,,Facebook,,,Whatsapp,,,Nykaa,,,Youtube,,,Chrome,,,Amazon,,,B612,,,AJIO,,,Notes,,,Myntra,,0,Amazon Music,,0,Google Pay,,0,,,0,,,0,,,0,,,0,,,0,,,0,,,0,,,0,,,,,,,,,,,,,,,,,,
28,26 - 35,Female,Married with kids,Delhi NCR,Last 24 hours,Whatsapp,41%,,Instagram,18%,,Google Play Store (Service),3%,,Facebook,3%,,Browser ,2%,,,,,,,,,,,,,,,,,,,0,,,0,,,0,,,0,,,0,,,0,,,0,,,0,,,0,,,0,,,0,,,,,,,,,,,,,,,,,,
26,26 - 35,Female,Married with no kids,Bangalore,Last 24 hours,Youtube,8%,,Truecaller,7%,,Hotstar,6%,,Instagram,5%,,Whatsapp,,,,,,,,,,,,,,,,,,,,0,,,0,,,0,,,0,,,0,,,0,,,0,,,0,,,0,,,0,,,0,,,,,,,,,,,,,,,,,,
22,18 - 25,Female,In a relationship,Bangalore,Last 24 hours,Instagram,38.54%,,Youtube,9.41%,,Whatsapp,9.18%,,MX Player,3.29%,,Google Play Store (Service),1.83%,,Video (player),1.20%,,Paytm,0.89%,,,,,,,,,,,,,0,,,0,,,0,,,0,,,0,,,0,,,0,,,0,,,0,,,0,,,0,,,,,,,,,,,,,,,,,,
31,26 - 35,Female,Married with kids,Mumbai,Last 24 hours,Whatsapp,7.57%,,Instagram,6.10%,,Youtube,3.13%,,Cricbuzz,2.73%,,Telegram,1.37%,,Facebook,1.10%,,Other,15.30%,,,,,,,,,,,,,0,,,0,,,0,,,0,,,0,,,0,,,0,,,0,,,0,,,0,,,0,,,,,,,,,,,,,,,,,,
30,26 - 35,Female,Married with kids,Bangalore,Last 24 hours,Whatsapp,17.39%,,Instagram,16.37%,,Youtube,14.60%,,Block Craft 3D,6.13%,,,,,,,,,,,,,,,,,,,,,,0,,,0,,,0,,,0,,,0,,,0,,,0,,,0,,,0,,,0,,,0,,,,,,,,,,,,,,,,,,
24,18 - 25,Female,In a relationship,Kolkata,Last 24 hours,Whatsapp,29.05%,,Facebook,16.36%,,Youtube,10.02%,,Instagram,5.73%,,Call of duty ,4.75%,,Flipkart,3.71,,VN - Video Editor ,3.54%,,Rendering ,2.05%,,Bubble shooter Relaxing ,0.69%,,Swiggy,0.62%,,,,0,,,0,,,0,,,0,,,0,,,0,,,0,,,0,,,0,,,0,,,0,,,,,,,,,,,,,,,,,,
24,18 - 25,Female,In a relationship,Kolkata,Last 24 hours,Facebook,14%,,Instagram,14%,,Whatsapp,9%,,Flipkart,3%,,Josh ,3%,,Google Play Store (Service),3%,,Telegram,1%,,Truecaller,1%,,Snapseed,1%,,Messenger ,1%,,Twitter,1%,0.016291952,,,0,,,0,,,0,,,0,,,0,,,0,,,0,,,0,,,0,,,0,,,,,,,,,,,,,,,,,,
26,26 - 35,Female,Married with kids,Bangalore,Last 24 hours,Instagram,54.80%,,Whatsapp,13.50%,,ZEE5,11.60%,,Chrome,10.80%,,Truecaller,8.20%,,Facebook,6.90%,,Google Play Store (Service),5.20%,,Flipkart,4.70%,,Youtube,,,,,,,,0,,,0,,,0,,,0,,,0,,,0,,,0,,,0,,,0,,,0,,,0,,,,,,,,,,,,,,,,,,
28,26 - 35,Female,Married with kids,Bangalore,Last 24 hours,Youtube,5.80%,,Whatsapp,3.90%,,,,,,,,,,,,,,,,,,,,,,,,,,,,0,,,0,,,0,,,0,,,0,,,0,,,0,,,0,,,0,,,0,,,0,,,,,,,,,,,,,,,,,,
35,26 - 35,Female,Married with kids,Bangalore,Last 24 hours,Instagram,1.50%,,Meet,4.90%,,Youtube,3.90%,,Whatsapp,2.90%,,Snapchat,1.40%,,Google Play Store (Service),0.90%,,InShot Active,,,Facebook,0.70%,,,,,,,,,,0,,,0,,,0,,,0,,,0,,,0,,,0,,,0,,,0,,,0,,,0,,,,,,,,,,,,,,,,,,
33,26 - 35,Female,Married with kids,Delhi NCR,Last 24 hours,Whatsapp,24.40%,,Josh,3.74%,,Instagram,2.59%,,Chrome,2.54%,,The Good Creator Co.,1.61%,,Youtube,1.22%,,Amazon,0.87%,,Meet,0.83%,,Momspresso MyMoney,0.76%,,Google Play Store (Service),0.58%,,First Cry,0.35%,0.005702183,,,0,,,0,,,0,,,0,,,0,,,0,,,0,,,0,,,0,,,0,,,,,,,,,,,,,,,,,,
35,26 - 35,Female,Married with no kids,Delhi NCR,Last 24 hours,Whatsapp,64.88%,,Facebook,44.29%,,Instagram,33.98%,,Youtube,23.47%,,Google Play Store (Service),3.53%,,Chrome,2.82%,,,,,,,,,,,,,,,,0,,,0,,,0,,,0,,,0,,,0,,,0,,,0,,,0,,,0,,,0,,,,,,,,,,,,,,,,,,
32,26 - 35,Female,Married with no kids,Bangalore,Last 24 hours,,1.90%,,Instagram,0.80%,,Truecaller,0.40%,,One UI Home,0.40%,,FirstCry,0.30%,,MyGate ,0.20%,,Youtube,0.20%,,Momspresso MyMoney,0.20%,,Google Play Store (Service),0.10%,,,,,,,0,,,0,,,0,,,0,,,0,,,0,,,0,,,0,,,0,,,0,,,0,,,,,,,,,,,,,,,,,,
34,26 - 35,Female,Married with no kids,Delhi NCR,Last 24 hours,Youtube,3.97%,,Facebook,2.88%,,Instagram,2.51%,,Dress Up Games,0.26%,,Whatsapp,0.19%,,Lock Screen Magazine,0.16%,,Google Play Store (Service),0.13%,,,,,,,,,,,,,0,,,0,,,0,,,0,,,0,,,0,,,0,,,0,,,0,,,0,,,0,,,,,,,,,,,,,,,,,,
25,18 - 25,Female,Married with kids,Delhi NCR,Last 24 hours,Gmail,13%,,Instagram,11%,,Whatsapp,7%,,WhatsApp Business,7%,,Google Play Store (Service),5%,,Chrome,4%,,First Cry,3%,,Swiggy,2%,,Youtube,2%,,Swiggy,2%,,Truecaller,2%,0.032583904,Snapchat,2%,0.032583904,Paytm,1%,0.016291952,Google Play Store (Service),1%,0.016291952,,,0,,,0,,,0,,,0,,,0,,,0,,,0,,,,,,,,,,,,,,,,,,
29,26 - 35,Female,Married with kids,Bangalore,Last 24 hours,Instagram,10.53%,,Whatsapp,7.48%,,Youtube,6.86%,,Facebook,4.61%,,Cell Standby,1.71%,,Google Play Store (Service),1.25%,,Flipkart,0.53%,,,,,,,,,,,,,0,,,0,,,0,,,0,,,0,,,0,,,0,,,0,,,0,,,0,,,0,,,,,,,,,,,,,,,,,,
31,26 - 35,Female,Married with kids,Kolkata,Last 24 hours,Whatsapp,66.88%,,Facebook,44.29%,,Instagram,33.98%,,Youtube,23.47%,,Google Play Store (Service),3.53%,,Chrome,2.82%,,Truecaller,1.50%,,Google Play Store (Service),1.50%,,MultiSpace,1.37%,,Mylo,1.27%,,Mylo,1.27%,0.020690779,Shopsy,,0,,,0,,,0,,,0,,,0,,,0,,,0,,,0,,,0,,,0,,,,,,,,,,,,,,,,,,
27,26 - 35,Female,Married with kids,Kolkata,Last 24 hours,Whatsapp,21.53%,,Gmail,9.51%,,Instagram,7.11%,,Youtube,4.74%,,Facebook,0.70%,,,,,,,,,,,,,,,,,,,0,,,0,,,0,,,0,,,0,,,0,,,0,,,0,,,0,,,0,,,0,,,,,,,,,,,,,,,,,,
30,26 - 35,Female,Married with kids,Bangalore,Last 24 hours,Facebook,11.43%,,Instagram,7.59%,,Duo,3.60%,,Youtube,2.96%,,Google Play Store (Service),1.69%,,Whatsapp,1.64%,,,,,,,,,,,,,,,,0,,,0,,,0,,,0,,,0,,,0,,,0,,,0,,,0,,,0,,,0,,,,,,,,,,,,,,,,,,
26,26 - 35,Female,In a relationship,Bangalore,Last 24 hours,Instagram,6%,,Meet,3%,,Youtube,3%,,Google Play Store (Service),1%,,Truecaller,1%,,Snapchat,1%,,,,,,,,,,,,,,,,0,,,0,,,0,,,0,,,0,,,0,,,0,,,0,,,0,,,0,,,0,,,,,,,,,,,,,,,,,,
27,26 - 35,Female,Married with kids,Delhi NCR,Last 24 hours,Whatsapp,27%,,Facebook,11%,,Instagram,9%,,Cover Fire ,4%,,Google Play Store (Service),3%,,Gmail,3%,,Amazon,2%,,The Good Creator Co. ,2%,,Truecaller,2%,,Youtube,1%,,Viralpitch,1%,0.016291952,Momspresso My Money,1%,0.016291952,Paytm,1%,0.016291952,Meet,1%,0.016291952,,,0,,,0,,,0,,,0,,,0,,,0,,,0,,,,,,,,,,,,,,,,,,
24,18 - 25,Female,In a relationship,Delhi NCR,Last 24 hours,Instagram,34.34%,,Youtube,24.31%,,Whatsapp,6.15%,,Resso,2.72%,,Meet,2.45%,,Facebook,2.03%,,Linkedin,1.52%,,Google Pay,1.38%,,,,,,,,,,0,,,0,,,0,,,0,,,0,,,0,,,0,,,0,,,0,,,0,,,0,,,,,,,,,,,,,,,,,,
23,18 - 25,Female,Married with no kids,Kolkata,Last 24 hours,Facebook,36.50%,,Youtube,7.40%,,Instagram,4.80%,,Meet,4.10%,,Whatsapp,4.00%,,Chrome,1.80%,,Google Play Store (Service),1.10%,,Wps Office,0.90%,,Truecaller,0.80%,,Google,0.30%,,Meesho,0.30%,0.004887586,Google Pay,0.20%,0.00325839,Telegram,0.20%,0.00325839,Gmail,0.10%,0.001629195,Flipkart,0.10%,0.001629195,,,0,,,0,,,0,,,0,,,0,,,0,,,,,,,,,,,,,,,,,,
28,26 - 35,Female,Married with no kids,Mumbai,Last 240 hours,Youtube,27.60%,,Google Play Store (Service),1.60%,,Whatsapp,0.50%,,,,,,,,,,,,,,,,,,,,,,,,,0,,,0,,,0,,,0,,,0,,,0,,,0,,,0,,,0,,,0,,,0,,,,,,,,,,,,,,,,,,
24,18 - 25,Female,Married with kids,Mumbai,Last 240 hours,Whatsapp,5.43%,,Google,2.39%,,,,,,,,,,,,,,,,,,,,,,,,,,,,0,,,0,,,0,,,0,,,0,,,0,,,0,,,0,,,0,,,0,,,0,,,,,,,,,,,,,,,,,,
29,26 - 35,Female,Married with kids,Kolkata,Last 240 hours,Whatsapp,13.07%,,Gmail,8.83%,,Whatsapp,7.18%,,Instagram,4.65%,,Google Play Store (Service),3.95%,,Google,2.73%,,Facebook,2.31%,,,,,,,,,,,,,0,,,0,,,0,,,0,,,0,,,0,,,0,,,0,,,0,,,0,,,0,,,,,,,,,,,,,,,,,,
33,26 - 35,Female,Married with kids,Mumbai,Last 24 hours,Facebook,289%,,Whatsapp,280%,,Youtube,158%,,Google Play Store (Service),150%,,EZVIZ,145%,,Gmail,76%,,Truecaller,72%,,Flipkart,60%,,Dainik Bhaskar,58%,,,,,,,0,,,0,,,0,,,0,,,0,,,0,,,0,,,0,,,0,,,0,,,0,,,,,,,,,,,,,,,,,,
20,18 - 25,Female,In a relationship,Bangalore,Last 24 hours,Meesho,0.30%,,Youtube,0.30%,,AJIO,0.20%,,Flipkart,0.20%,,Jio Cinema,0.10%,,Myntra,0.10%,,,,,,,,,,,,,,,,0,,,0,,,0,,,0,,,0,,,0,,,0,,,0,,,0,,,0,,,0,,,,,,,,,,,,,,,,,,
30,26 - 35,Female,Married with kids,Lucknow,Last 24 hours,Instagram,10.17%,,Gmail,8.43%,,Whatsapp,6.52%,,Facebook,3.29%,,Chrome,2.98%,,Paytm,2.92%,,Google Play Store (Service),1.56%,,,,,,,,,,,,,0,,,0,,,0,,,0,,,0,,,0,,,0,,,0,,,0,,,0,,,0,,,,,,,,,,,,,,,,,,
34,26 - 35,Female,Married with no kids,Delhi NCR,Last 24 hours,Hotstar,46.80%,,YT Kids,16.70%,,Whatsapp,10.20%,,Instagram,9.20%,,Flipkart,6.20%,,Google Play Store (Service),4.80%,,AJIO,4.20%,,bigbasket,1.60%,,Paytm,1.30%,,Swiggy,1.10%,,iMobile Pay,1.10%,0.017921147,Whatsapp,1.10%,0.017921147,Truecaller,1.10%,0.017921147,,,0,,,0,,,0,,,0,,,0,,,0,,,0,,,0,,,,,,,,,,,,,,,,,,
29,26 - 35,Female,Married with kids,Bangalore,Last 24 hours,WhatsApp Business,5.10%,,Whatsapp,3.60%,,apna,1.50%,,Paytm,0.90%,,Google Play Store (Service),0.90%,,SurveyCTO Collect,0.70%,,Truecaller,0.70%,,Flipkart,0.50%,,Instagram,0.50%,,Google Play Store (Service),0.40%,,Youtube,0.40%,0.006516781,Amazon,0.30%,0.004887586,Gmail,0.20%,0.00325839,Google,0.20%,0.00325839,Sheets,0.10%,0.001629195,Chrome,0.10%,0.001629195,Meesho,0.10%,0.001629195,,,0,,,0,,,0,,,0,,,,,,,,,,,,,,,,,,
30,26 - 35,Female,Married with kids,Mumbai,Last 24 hours,Whatsapp,13.65%,,Instagram,6.06%,,Facebook,2.63%,,Truecaller,1.96%,,ShareKaroLite,1.60%,,Google Play Store (Service),0.62%,,Gmail,0.33%,,Blinkit,0.30%,,Youtube,0.28%,,Chrome,0.25%,,Phonepe,0.20%,0.00325839,YouCam Perfect,0.20%,0.00325839,Muthoot Blue,0.18%,0.002932551,,,0,,,0,,,0,,,0,,,0,,,0,,,0,,,0,,,,,,,,,,,,,,,,,,
26,26 - 35,Female,Married with no kids,Delhi NCR,Last 24 hours,Instagram,7.73%,,Cell standby,6.69%,,Whatsapp,4.95%,,Facebook,4.07%,,Google Play Store (Service),2.58%,,Truecaller,1.61%,,Snapchat,0.76%,,,,,,,,,,,,,0,,,0,,,0,,,0,,,0,,,0,,,0,,,0,,,0,,,0,,,0,,,,,,,,,,,,,,,,,,
30,26 - 35,Female,Married with kids,Kolkata,Last 24 hours,Facebook,34.40%,,Whatsapp,13.29%,,Gmail,4.92%,,ET,2.86%,,Amazon,2.62%,,Work profile Secondary user,2.53%,,Instagram,1.78%,,Zoom,1.78%,,Spotify,0.79%,,Truecaller,0.62%,,Google Pay,0.59%,0.009612252,Telegram,0.58%,0.009449332,Kindle,0.42%,0.00684262,,,0,,,0,,,0,,,0,,,0,,,0,,,0,,,0,,,,,,,,,,,,,,,,,,
30,26 - 35,Female,In a relationship,Mumbai,Last 24 hours,Instagram,67%,,Whatsapp,20%,,Facebook,,,Youtube,,,Safari,,,Youtube,,,,,,,,,,,,,,,,,0,,,0,,,0,,,0,,,0,,,0,,,0,,,0,,,0,,,0,,,0,,,,,,,,,,,,,,,,,,
21,18 - 25,Female,Married with no kids,Bangalore,Last 24 hours,Youtube,61%,,GBWhatsApp,8%,,Gmail,,,Chrome,5%,,Truecaller,4%,,apna,2%,,Google Play Store (Service),1%,,,,,,,,,,,,,0,,,0,,,0,,,0,,,0,,,0,,,0,,,0,,,0,,,0,,,0,,,,,,,,,,,,,,,,,,
28,26 - 35,Female,Married with kids,Delhi NCR,Last 24 hours,Whatsapp,30.12%,,Youtube,10.50%,,Google Play Store (Service),5.71%,,Meet,3.04%,,Chrome,2.69%,,Google Play Store (Service),1.31%,,Meesho,0.92%,,Flipkart,0.65%,,Phonepe,0.63%,,,,,,,0,,,0,,,0,,,0,,,0,,,0,,,0,,,0,,,0,,,0,,,0,,,,,,,,,,,,,,,,,,
27,26 - 35,Female,Married with kids,Bangalore,Last 24 hours,Instagram,28.23%,,Whatsapp,11.50%,,Snapchat,6.58%,,Meet,6.50%,,Telegram,6.50%,,Google Play Store (Service),3.11%,,Youtube,2.97%,,Chrome,2.01%,,Gmail,1.05%,,Google Play Store (Service),0.74%,,Rapido,,0,,,0,,,0,,,0,,,0,,,0,,,0,,,0,,,0,,,0,,,0,,,,,,,,,,,,,,,,,,
32,26 - 35,Female,Married with kids,Delhi NCR,Last 24 hours,Amazon,13.02%,,Instagram,5.42%,,Meet (original),3.18%,,Whatsapp,2.63%,,Google Play Store (Service),1.31%,,,,,,,,,,,,,,,,,,,0,,,0,,,0,,,0,,,0,,,0,,,0,,,0,,,0,,,0,,,0,,,,,,,,,,,,,,,,,,
35,26 - 35,Female,Married with kids,Delhi NCR,Last 24 hours,Gmail,5%,,Whatsapp,5%,,Chrome,2%,,Facebook,1%,,Instagram,1%,,,,,,,,,,,,,,,,,,,0,,,0,,,0,,,0,,,0,,,0,,,0,,,0,,,0,,,0,,,0,,,,,,,,,,,,,,,,,,
19,18 - 25,Female,In a relationship,Mumbai,Last 24 hours,Instagram,18.60%,,Whatsapp,3.40%,,Hotstar,2.90%,,Snapchat,2.20%,,Zomato,1.00%,,Google Play Store (Service),0.90%,,Youtube,0.80%,,Chrome,0.30%,,Google Play Store (Service),0.30%,,Gmail,0.20%,,Google,0.20%,0.00325839,Google Pay,0.10%,0.001629195,Google Play Store (Service),0.10%,0.001629195,,,0,,,0,,,0,,,0,,,0,,,0,,,0,,,0,,,,,,,,,,,,,,,,,,
35,26 - 35,Female,Married with kids,Mumbai,Last 240 hours,Instagram,26.70%,,Whatsapp,15.30%,,WoW,11.40%,,Truecaller,6.20%,,Facebook,5.30%,,Telegram,4.20%,,Google Play Store (Service),3.80%,,Gmail,3.60%,,Youtube,2.20%,,Amazon,2.10%,,Google Pay,0.50%,0.008145976,,,0,,,0,,,0,,,0,,,0,,,0,,,0,,,0,,,0,,,0,,,,,,,,,,,,,,,,,,
33,26 - 35,Female,Married with kids,Mumbai,Last 24 hours,Instagram,,,Whatsapp,,,Snapchat,,,Home & Lock Screen,,,Astronomy,,,Swiggy,,,Google Pay,,,Kotak Bank ,,,,,,,,,,,0,,,0,,,0,,,0,,,0,,,0,,,0,,,0,,,0,,,0,,,0,,,,,,,,,,,,,,,,,,
26,26 - 35,Female,Married with no kids,Mumbai,Last 24 hours,Whatsapp,28.43%,,Instagram,8.95%,,Gmail,8.09%,,Spotify,6.13%,,Google Play Store (Service),3.68%,,Hotstar,3.36%,,Myntra,3%,,Vidmate,2.30%,,Crownit,2%,,Google,1.70%,,Facebook,1.52%,0.024763767,Gboard,1.36%,0.022157054,Snapchat,1.30%,0.021179537,ShareKaroLite,1.19%,0.019387423,TOI,0.98%,0.015966113,My Jio,0.85%,0.013848159,,,0,,,0,,,0,,,0,,,0,,,,,,,,,,,,,,,,,,
21,18 - 25,Female,In a relationship,Lucknow,Last 24 hours,Whatsapp,20.70%,,Instagram,13.55%,,Youtube,8.41%,,Spotify,8.03%,,Truecaller,7.06%,,Google Play Store (Service),4.72%,,Google Play Store (Service),2.61%,,Chrome,2.11%,,Meet,1.88%,,Facebook,1.45%,,Maps,1.27%,0.020690779,Paytm,1.18%,0.019224503,Google,1.12%,0.018246986,App Market,0.75%,0.012218964,Swiggy,0.71%,0.011567286,Drive,0.68%,0.011078527,Telegram,0.64%,0.010426849,,,0,,,0,,,0,,,0,,,,,,,,,,,,,,,,,,
27,26 - 35,Female,Married with kids,Delhi NCR,Last 48 hours,Whatsapp,33.22%,,Facebook,32.19%,,Instagram,8.06%,,IRCTC Rail Connect,6.39%,,Drop the number,2.33%,,Google Play Store (Service),2.01%,,Truecaller,1.01%,,Phonepe,1.23%,,Meet,0.83%,,,,,,,,,,,,,,,,,,,,,,,,,,,,,,,,,,,,,,,,,,,,,,,,,,,,,,,
35,26 - 35,Female,Married with no kids,Kolkata,Last 24 hours,Zoom,43.36%,,Whatsapp,34.34%,,Instagram,9.72%,,Youtube,9.44%,,Gmail,5.85%,,Flipkart,4.13%,,Chrome,4.11%,,Facebook,2.07%,,Google Pay,0.98%,,The Good Creator Co.,0.69%,,Google Play Store (Service),0.55%,0.008960573,Internet/ browser,0.44%,0.007168459,YT Studio,0.39%,0.006353861,,,0,,,0,,,0,,,0,,,0,,,0,,,0,,,0,,,,,,,,,,,,,,,,,,
23,18 - 25,Female,In a relationship,Chennai,Last 24 hours,Instagram,,,Meet,,,Zomato,,,Swiggy,,,Amazon,,,Whatsapp,,,Snapchat,,,Paytm,,,Safari,,,,,,,,0,,,0,,,0,,,0,,,0,,,0,,,0,,,0,,,0,,,0,,,0,,,,,,,,,,,,,,,,,,
27,26 - 35,Female,Married with kids,Delhi NCR,Last 24 hours,Youtube,15.95%,,Whatsapp,7.80%,,Instagram,3.35%,,Google Play Store (Service),1.52%,,Amazon,0.59%,,Google Pay,0.51%,,,,,,,,,,,,,,,,0,,,0,,,0,,,0,,,0,,,0,,,0,,,0,,,0,,,0,,,0,,,,,,,,,,,,,,,,,,
18,18 - 25,Female,In a relationship,Kolkata,Last 24 hours,Whatsapp,6.24%,,Nykaa,2.47%,,InShot,2.43%,,Pinterest,2.36%,,Google Play Store (Service),1.25%,,Domino's,0.55%,,Google,0.53%,,,,,,,,,,,,,0,,,0,,,0,,,0,,,0,,,0,,,0,,,0,,,0,,,0,,,0,,,,,,,,,,,,,,,,,,
29,26 - 35,Female,Married with kids,Jaipur,Last 24 hours,Whatsapp,26.88%,,Free Fire MAX,24.23%,,Instagram,21.55%,,WhatsApp Business,8.29%,,Youtube,6.63%,,Meet,5.14%,,Google Play Store (Service),5.02%,,Minecraft,4.04%,,Eight,3.80%,,Telegram,3.70%,,Facebook,3.53%,0.05751059,Snapchat,2.49%,0.04056696,Chrome,1.79%,0.029162594,Google Play Store (Service),1.76%,0.028673835,Slither.io,1.49%,0.024275008,Paytm,1.43%,0.023297491,Shopsy,1.27%,0.020690779,Gboard,1.15%,0.018735745,DealShare,0.76%,0.012381883,Gmail,0.62%,0.01010101,Google,0.61%,0.009938091,Amazon,0.56%,Messenger,0.50%,Meesho,0.36%,Truecaller,0.36%,Flipkart,0.26%,Sheets,0.20%,The Good Creator Co.,0.16%,Myntra,0.13%,Divine,0.11%
23,18 - 25,Female,In a relationship,Kochi,Last 24 hours,Instagram,0.88%,,Spotify,0.20%,,Whatsapp,0.15%,,,,,,,,,,,,,,,,,,,,,,,,,0,,,0,,,0,,,0,,,0,,,0,,,0,,,0,,,0,,,0,,,0,,,,,,,,,,,,,,,,,,
35,26 - 35,Female,Married with kids,Bangalore,Last 24 hours,Whatsapp,52%,,Chrome,9%,,Instagram,4%,,Gmail,3%,,Safari,3%,,Facebook,1%,,,,,,,,,,,,,,,,0,,,0,,,0,,,0,,,0,,,0,,,0,,,0,,,0,,,0,,,0,,,,,,,,,,,,,,,,,,
28,26 - 35,Female,Married with no kids,Bangalore,Last 24 hours,Youtube,10%,,Fps Battle Shooting Games,2%,,GBWhatsApp,2%,,Rope Hero Vice Town,1%,,Facebook,1%,,Goods match 3D,1%,,IfACE,1%,,,,,,,,,,,,,0,,,0,,,0,,,0,,,0,,,0,,,0,,,0,,,0,,,0,,,0,,,,,,,,,,,,,,,,,,
32,18 - 25,Female,Married with kids,Delhi NCR,Last 24 hours,Whatsapp,8.90%,,Amazon,3.90%,,Youtube,3.60%,,Meet,2.50%,,Edge,1.70%,,Paytm,0.90%,,Instagram,0.80%,,Google Play Store (Service),0.70%,,AJIO,0.50%,,Meesho,0.50%,,Facebook,0.40%,0.006516781,The Good Creator Co.,0.30%,0.004887586,Gmail,0.30%,0.004887586,Chrome,0.20%,0.00325839,Google,0.20%,0.00325839,GlowRoad,0.20%,0.00325839,Flipkart,0.10%,0.001629195,Google Play Store (Service),0.10%,0.001629195,,,0,,,0,,,0,,,,,,,,,,,,,,,,,,
30,26 - 35,Female,Married with kids,Bangalore,Last 24 hours,Youtube,11.26%,,Roblox,10.24%,,,,,Google Play Store (Service),4.32%,,imo,3.19%,,Whatsapp,2.71%,,Gmail,2.56%,,Instagram,2.02%,,Truecaller,1.47%,,Meesho,1.26%,,Google,1.23%,0.020039101,Magic Piano,0.88%,0.014336918,Chrome,0.78%,0.012707722,Zomato,0.66%,0.010752688,Google Play Store (Service),0.59%,0.009612252,Phonepe,0.56%,0.009123493,,,0,,,0,,,0,,,0,,,0,,,,,,,,,,,,,,,,,Flipkart,
30,26 - 35,Female,Married with kids,Bangalore,Last 24 hours,Youtube,8.79%,,Instagram,8.64%,,Facebook,7.40%,,Meesho,7.35%,,BrainBoom,5.95%,,Whatsapp,4.28%,,Google Play Store (Service),3.61%,,Truecaller,1.19%,,,,,,,,,,0,,,0,,,0,,,0,,,0,,,0,,,0,,,0,,,0,,,0,,,0,,,,,,,,,,,,,,,,,,
27,26 - 35,Female,Married with kids,Chennai,Last 24 hours,Instagram,6.17%,,Whatsapp,4.66%,,Chrome,2.16%,,Gmail,1.57%,,WhatsApp Business,0.83%,,Drive,0.33%,,InShot,0.23%,,The Good Creator Co.,0.21%,,Emergency SOS,0.15%,,Momspresso MyMoney,0.15%,,Bigbasket,0.11%,0.001792115,First Cry,0.11%,0.001792115,Freeskout,0.10%,0.001629195,,,0,,,0,,,0,,,0,,,0,,,0,,,0,,,0,,,,,,,,,,,,,,,,,,
26,26 - 35,Female,In a relationship,Bangalore,Last 24 hours,Instagram,26%,,Whatsapp,11%,,Netflix,10%,,Safari,10%,,Uber,7%,,Linkedin,6%,,Swiggy,3%,,Amazon,3%,,Gmail,2%,,Ola,2%,,,,0,,,0,,,0,,,0,,,0,,,0,,,0,,,0,,,0,,,0,,,0,,,,,,,,,,,,,,,,,,
33,26 - 35,Female,Married with kids,Delhi NCR,Last 24 hours,CandyCamera,25.57%,,Youtube,12.85%,,Whatsapp,12.57%,,Chrome,3.36%,,Instagram,2.99%,,Facebook,1.57%,,Google Play Store (Service),1.08%,,Sheets,1.01%,,Josh,0.97%,,WPS office,0.58%,,,,0,,,0,,,0,,,0,,,0,,,0,,,0,,,0,,,0,,,0,,,0,,,,,,,,,,,,,,,,,,
27,26 - 35,Female,In a relationship,Mumbai,Last 24 hours,Facebook,12.50%,,Instagram,11.70%,,Whatsapp,6.70%,,Google Play Store (Service),1.00%,,Telegram,0.90%,,Youtube,0.80%,,Chrome,0.40%,,Truecaller,0.40%,,Meesho,0.40%,,Google,0.30%,,Amazon,0.20%,0.00325839,Flipkart,0.20%,0.00325839,Google Play Store (Service),0.20%,0.00325839,AJIO,,0,,,0,,,0,,,0,,,0,,,0,,,0,,,0,,,,,,,,,,,,,,,,,,
26,26 - 35,Female,Married with kids,Chennai,Last 24 hours,Youtube,24.94%,,Hotstar,7.58%,,Instagram,7.43%,,Whatsapp,7.09%,,Gmail,6.70%,,Telegram,4.54%,,Myntra,2.44%,,Linkedin,0.79%,,Google Play Store (Service),0.66%,,,,,,,0,,,0,,,0,,,0,,,0,,,0,,,0,,,0,,,0,,,0,,,0,,,,,,,,,,,,,,,,,,
27,26 - 35,Female,Married with kids,Delhi NCR,Last 24 hours,Instagram,21.43%,,Whatsapp,9.82%,,Snapchat,4.69%,,Amazon,3.77%,,Youtube,2.98%,,,,,,,,,,,,,,,,,,,0,,,0,,,0,,,0,,,0,,,0,,,0,,,0,,,0,,,0,,,0,,,,,,,,,,,,,,,,,,
31,26 - 35,Female,Married with kids,Delhi NCR,Last 24 hours,Whatsapp,12.79%,,Truecaller,2.67%,,Facebook,2.39%,,Amazon,1.82%,,Instagram,1.65%,,Paytm,1.37%,,Meesho ,0.78%,,Google Play Store (Service),0.74%,,,,,,,,,,0,,,0,,,0,,,0,,,0,,,0,,,0,,,0,,,0,,,0,,,0,,,,,,,,,,,,,,,,,,
30,26 - 35,Female,Married with kids,Delhi NCR,Last 24 hours,Whatsapp,28.08%,,Instagram,4.10%,,Myntra,3.97%,,Youtube,1.74%,,Google Play Store (Service),1.06%,,Facebook,0.64%,,Gmail,0.51%,,,,,,,,,,,,,0,,,0,,,0,,,0,,,0,,,0,,,0,,,0,,,0,,,0,,,0,,,,,,,,,,,,,,,,,,
25,18 - 25,Female,Married with kids,Mumbai,Last 24 hours,Whatsapp,12.18%,,Instagram,8.04%,,Youtube,5.60%,,Gmail,1.33%,,viralpitch,0.77%,,Kotak Bank,0.37%,,Chrome,0.29%,,Kofluence,0.24%,,Momspresso MyMoney,0.22%,,The Good Creator Co.,0.18%,,Sheets,0.10%,0.001629195,,,0,,,0,,,0,,,0,,,0,,,0,,,0,,,0,,,0,,,0,,,,,,,,,,,,,,,,,,
27,26 - 35,Female,In a relationship,Delhi NCR,Last 24 hours,Whatsapp,14.77%,,Youtube,10.13%,,Instagram,9.63%,,Snapchat,5.50%,,Google Play Store (Service),1.34%,,Truecaller,1.09%,,,,,,,,,,,,,,,,0,,,0,,,0,,,0,,,0,,,0,,,0,,,0,,,0,,,0,,,0,,,,,,,,,,,,,,,,,,
27,26 - 35,Female,Married with kids,Delhi NCR,Last 24 hours,Whatsapp,27%,,Facebook,11%,,Instagram,9%,,Cover Fire,4%,,Google Play Store (Service),3%,,Gmail,3%,,Amazon,2%,,Truecaller,2%,,Youtube,1%,,viralpitch,1%,,Paytm,1%,0.016291952,Meet,1%,0.016291952,,,0,,,0,,,0,,,0,,,0,,,0,,,0,,,0,,,0,,,,,,,,,,,,,,,,,,
30,26 - 35,Female,Married with kids,Delhi NCR,Last 24 hours,Whatsapp,21%,,Instagram,8%,,Youtube,7%,,Google Play Store (Service),4%,,Facebook,3%,,Momspresso MyMoney,1%,,Google Pay,1%,,Gmail,1%,,Amazon,1%,,,,,,,0,,,0,,,0,,,0,,,0,,,0,,,0,,,0,,,0,,,0,,,0,,,,,,,,,,,,,,,,,,
32,26 - 35,Female,Married with kids,Delhi NCR,Last 24 hours,Meet,21.08%,,Instagram,19.04%,,Whatsapp,5.47%,,Google Play Store (Service),0.55%,,,,,,,,,,,,,,,,,,,,,,0,,,0,,,0,,,0,,,0,,,0,,,0,,,0,,,0,,,0,,,0,,,,,,,,,,,,,,,,,,
23,26 - 35,Female,Married with no kids,Kolkata,Last 24 hours,Instagram,9%,,Whatsapp,5%,,Gmail,4%,,Facebook,2%,,Google Play Store (Service),1%,,Snapchat,1%,,,,,,,,,,,,,,,,0,,,0,,,0,,,0,,,0,,,0,,,0,,,0,,,0,,,0,,,0,,,,,,,,,,,,,,,,,,
30,26 - 35,Female,Married with kids,Mumbai,Last 24 hours,Facebook,28.32%,,Messenger,12.49%,,Whatsapp,8.94%,,Google Pay,5.05%,,Google Play Store (Service),3.92%,,Share chat,3.59%,,Truecaller,3.01%,,Instagram,2.84%,,Youtube,1.07%,,Snapchat,0.94%,,Meet,0.88%,0.014336918,,,0,,,0,,,0,,,0,,,0,,,0,,,0,,,0,,,0,,,0,,,,,,,,,,,,,,,,,,
29,26 - 35,Female,Married with kids,Mumbai,Last 24 hours,Facebook,8.47%,,Instagram,6.61%,,Whatsapp,4.76%,,Truecaller,0.67%,,Linkedin,0.50%,,Carrom Disc Pool,0.46%,,Gmail,0.38%,,Living Liquidz,0.32%,,Dream 11,0.17%,,Google Pay,0.16%,,Domino's,0.14%,0.002280873,My Jio,0.14%,0.002280873,Kotak Bank,0.13%,0.002117954,,,0,,,0,,,0,,,0,,,0,,,0,,,0,,,0,,,,,,,,,,,,,,,,,,
25,18 - 25,Female,Married with kids,Mumbai,Last 24 hours,Instagram,12%,,Whatsapp,4%,,Snapchat,4%,,Spotify,4%,,boAt Wave,3%,,Flipkart,1%,,Dream 11,1%+,,Truecaller,1%,,Google Play Store (Service),1%,,Google Pay,1%,,,,0,,,0,,,0,,,0,,,0,,,0,,,0,,,0,,,0,,,0,,,0,,,,,,,,,,,,,,,,,,
32,26 - 35,Female,Married with kids,Mumbai,Last 24 hours,Whatsapp,19%,,Instagram,12%,,Hotstar,8%,,Facebook,5%,,Truecaller,1%,,Google Play Store (Service),1%,,Messenger,1%,,Youtube,1%,,Telegram,1%,,Snapchat,1%,,Sharekaro,1%,0.016291952,Linkedin,1%,0.016291952,,,0,,,0,,,0,,,0,,,0,,,0,,,0,,,0,,,0,,,,,,,,,,,,,,,,,,
21,18 - 25,Female,In a relationship,Bangalore,Last 24 hours,Netflix,,,Instagram,,,Whatsapp,,,Snapchat,,,Uber,,,Youtube,,,My Jio,,,Meesho,,,Gmail,,,Fitness,,,Google Pay,,0,Amazon,,0,IDBI BANK,,0,Linkedin,,0,Moovit,,0,Phonepe,,0,DigiLocker,,0,Facebook,,0,Spotify,,0,Flipkart,,0,Paytm,,0,,,,,,,,,,,,,,,,,,
23,18 - 25,Female,In a relationship,Chennai,Last 24 hours,Instagram,28%,,Whatsapp,20%,,Gmail,12%,,Paytm,1%,,Google Pay,,,Phonepe,,,,,,,,,,,,,,,,,0,,,0,,,0,,,0,,,0,,,0,,,0,,,0,,,0,,,0,,,0,,,,,,,,,,,,,,,,,,
22,18 - 25,Female,In a relationship,Delhi NCR,Last 24 hours,Myntra,5.64%,,Gmail,5.24%,,Google Play Store (Service),3.90%,,Truecaller,3.84%,,Instagram,2.83%,,Whatsapp,2.73%,,Subway Surf,2.17%,,Google Pay,1.83%,,,,,,,,,,0,,,0,,,0,,,0,,,0,,,0,,,0,,,0,,,0,,,0,,,0,,,,,,,,,,,,,,,,,,
25,18 - 25,Female,Married with kids,Delhi NCR,Last 24 hours,Youtube,10.18%,,Instagram,6.41%,,Whatsapp,5.31%,,Facebook,0.46%,,InShot,0.38%,,Truecaller,0.20%,,Gmail,0.10%,,,,,Indiamart,,,,,,,,0,,,0,,,0,,,0,,,0,,,0,,,0,,,0,,,0,,,0,,,0,,,,,,,,,,,,,,,,,,
29,26 - 35,Female,Married with no kids,Delhi NCR,Last 24 hours,Instagram,55.35%,,Whatsapp,7.10%,,Google Play Store (Service),5.35%,,InShot,3.33%,,Youtube,2.05%,,,,,,,,,,,,,,,,,,,0,,,0,,,0,,,0,,,0,,,0,,,0,,,0,,,0,,,0,,,0,,,,,,,,,,,,,,,,,,
31,26 - 35,Female,Married with no kids,Delhi NCR,Last 240 hours,Instagram,33%,,Youtube,25%,,Netflix,10%,,Hotstar,6%,,Whatsapp,1%,,Facebook,1%,,Paytm,1%,,Amazon,1%,,Gmail,1%,,Snapchat,1%,,Zomato,1%,0.016291952,,,0,,,0,,,0,,,0,,,0,,,0,,,0,,,0,,,0,,,0,,,,,,,,,,,,,,,,,,
34,26 - 35,Female,Married with kids,Delhi NCR,Last 24 hours,Instagram,15.71%,,Whatsapp,3.30%,,Gmail,2.58%,,Talking Tom Hero Dash,1.36%,,Youtube,0.86%,,Google Play Store (Service),0.64%,,Paytm,0.15%,,,,,,,,,,,,,0,,,0,,,0,,,0,,,0,,,0,,,0,,,0,,,0,,,0,,,0,,,,,,,,,,,,,,,,,,
21,18 - 25,Female,In a relationship,Kolkata,Last 240 hours,Instagram,46%,,Whatsapp,16%,,Facebook,8%,,Youtube,7%,,Netflix,2%,,VN,1%,,Peachy,1%,,Astronomy,1%,,,,,,,,,,0,,,0,,,0,,,0,,,0,,,0,,,0,,,0,,,0,,,0,,,0,,,,,,,,,,,,,,,,,,
22,18 - 25,Female,In a relationship,Chennai,Last 240 hours,Instagram,27%,,Netflix,22%,,Whatsapp,8%,,Youtube,6%,,Snapchat,5%,,Spotify,3%,,Zomato,1%,,Amazon,1%,,,,,,,,,,0,,,0,,,0,,,0,,,0,,,0,,,0,,,0,,,0,,,0,,,0,,,,,,,,,,,,,,,,,,
26,26 - 35,Female,In a relationship,Chennai,Last 24 hours,Instagram,16.31%,,Whatsapp,8.13%,,Picsart,0.95%,,Meet,0.87%,,,,,,,,,,,,,,,,,,,,,,0,,,0,,,0,,,0,,,0,,,0,,,0,,,0,,,0,,,0,,,0,,,,,,,,,,,,,,,,,,
27,26 - 35,Female,Married with kids,Chennai,Last 24 hours,Instagram,10.15%,,Gmail,5.59%,,Truecaller,2.23%,,Whatsapp,1.94%,,Google Play Store (Service),1.54%,,Youtube,1.25%,,Facebook,0.74%,,Snapchat,0.67%,,,,,,,,,,0,,,0,,,0,,,0,,,0,,,0,,,0,,,0,,,0,,,0,,,0,,,,,,,,,,,,,,,,,,
29,26 - 35,Female,Married with no kids,Kolkata,Last 24 hours,Whatsapp,13.21%,,Youtube,7.26%,,Snapchat,5.68%,,Instagram,3.60%,,Google Play Store (Service),2.34%,,Google,2.28%,,Coin Master,2.05%,,Truecaller,1.79%,,Uber,1.31%,,Bigbasket,1.25%,,Facebook,1.03%,0.01678071,Google Play Store (Service),0.97%,0.015803193,,,0,,,0,,,0,,,0,,,0,,,0,,,0,,,0,,,0,,,,,,,,,,,,,,,,,,
22,18 - 25,Female,In a relationship,Kolkata,Last 24 hours,Instagram,28.29%,,Whatsapp,27.13%,,Facebook,8.36%,,ZEE5,7.99%,,Youtube,2.60%,,Meet,2.25%,,Google Play Store (Service),1.04%,,,,,,,,,,,,,0,,,0,,,0,,,0,,,0,,,0,,,0,,,0,,,0,,,0,,,0,,,,,,,,,,,,,,,,,,
32,26 - 35,Female,Married with kids,Bangalore,Last 24 hours,Youtube,17%,,Google Play Store (Service),8%,,Flipkart,3%,,Whatsapp,3%,,Chrome,1%,,Amazon,1%,,Battlegrounds India,1%,,Google Play Store (Service),1%,,,,,,,,,,0,,,0,,,0,,,0,,,0,,,0,,,0,,,0,,,0,,,0,,,0,,,,,,,,,,,,,,,,,,
21,18 - 25,Female,In a relationship,Kolkata,Last 24 hours,Whatsapp,21.13%,,Instagram,5.31%,,Facebook,3.15%,,Gmail,2.02%,,My Jio,1.97%,,Youtube,1.41%,,Ludo Talent,1.18%,,,,,,,,,,,,,0,,,0,,,0,,,0,,,0,,,0,,,0,,,0,,,0,,,0,,,0,,,,,,,,,,,,,,,,,,
35,26 - 35,Female,Married with kids,Mumbai,Last 240 hours,Hotstar,14.00%,,Kite,8.10%,,Whatsapp,6.80%,,Gmail,4.60%,,Facebook,1.10%,,Saraswat,1.00%,,Abhyudaya Bank,0.90%,,Google Play Store (Service),0.40%,,,,,,,,,,0,,,0,,,0,,,0,,,0,,,0,,,0,,,0,,,0,,,0,,,0,,,,,,,,,,,,,,,,,,
20,18-25,Female,In a relationship,Bangalore,Last 24 hours,Voot,43%,,Instagram,7%,,Google Play Store (Service),2%,,Whatsapp,1%,,Facebook,1%,,,,,,,,,,,,,,,,,,,0,,,0,,,0,,,0,,,0,,,0,,,0,,,0,,,0,,,0,,,0,,,,,,,,,,,,,,,,,,
21,18 - 25,Female,In a relationship,Lucknow,Last 24 hours,Whatsapp,61.38%,,Instagram,14.73%,,Spotify,12.91%,,Gmail,3.66%,,Youtube,2.09%,,Phonepe,0.45%,,Meesho,0.43%,,Telegram,0.39%,,Urbanic,0.33%,,Meta services,0.31%,,Zomato,0.20%,0.00325839,Myntra,0.19%,0.003095471,Amazon,0.18%,0.002932551,,,0,,,0,,,0,,,0,,,0,,,0,,,0,,,0,,,,,,,,,,,,,,,,,,
25,18 - 25,Female,In a relationship,Kolkata,Last 24 hours,B612,9%,,Instagram,3%,,Facebook,2%,,Youtube,1%,,InShot,1%,,,,,,,,,,,,,,,,,,,0,,,0,,,0,,,0,,,0,,,0,,,0,,,0,,,0,,,0,,,0,,,,,,,,,,,,,,,,,,
24,18 - 25,Female,Married with no kids,Kolkata,Last 24 hours,Instagram,4%,,Whatsapp,2%,,,,,,,,,,,,,,,,,,,,,,,,,,,,0,,,0,,,0,,,0,,,0,,,0,,,0,,,0,,,0,,,0,,,0,,,,,,,,,,,,,,,,,,
34,26 - 35,Female,Married with kids,Kolkata,Last 24 hours,Instagram,15.12%,,Whatsapp,13.56%,,Facebook,8.31%,,Youtube,8.18%,,InShot,5.87%,,Google Play Store (Service),1.36%,,,,,,,,,,,,,,,,0,,,0,,,0,,,0,,,0,,,0,,,0,,,0,,,0,,,0,,,0,,,,,,,,,,,,,,,,,,
29,26 - 35,Female,Married with no kids,Kolkata,Last 24 hours,Instagram,35.28%,,Facebook,10.35%,,Whatsapp,10.04%,,Lightroom,4.48%,,Snapseed,1.63%,,Gmail,1.34%,,Truecaller,0.88%,,Google Play Store (Service),0.57%,,Snapchat,0.52%,,Ulber,0.28%,,Youtube,0.14%,0.002280873,,,0,,,0,,,0,,,0,,,0,,,0,,,0,,,0,,,0,,,0,,,,,,,,,,,,,,,,,,
21,18 - 25,Female,In a relationship,Kolkata,Last 24 hours,Instagram,46%,,Whatsapp,15%,,Facebook,5%,,Netflix,2%,,Youtube,2%,,Amazon,2%,,Myntra,2%,,Gmail,1%,,Urbanic,1%,,Zomato,1%,,,,0,,,0,,,0,,,0,,,0,,,0,,,0,,,0,,,0,,,0,,,0,,,,,,,,,,,,,,,,,,
30,26 - 35,Female,Married with no kids,Delhi NCR,Last 48 hours,Whatsapp,41.01%,,Instagram,15.21%,,InShot,2.86%,,WPS Office,2.33%,,Facebook,1.89%,,Snapchat,1.69%,,Gmail,1.24%,,Truecaller,0.68%,,,,,,,,,,,,,,,,,,,,,,,,,,,,,,,,,,,,,,,,,,,,,,,,,,,,,,,,,,
30,26 - 35,Female,Married with no kids,Mumbai,Last 24 hours,Instagram,30.91%,,Whatsapp,8.52%,,Snapchat,2.63%,,Gmail,2.33%,,Google Play Store (Service),2.20%,,Youtube,1.45%,,Amazon,1.06%,,Nykaa,0.53%,,Flipkart,0.42%,,Drop Box,0.32%,,Google Pay,0.32%,0.005213425,Messenger,0.30%,0.004887586,Facebook,0.26%,0.004235907,Meesho,0.18%,0.002932551,Myntra,0.18%,0.002932551,,,0,,,0,,,0,,,0,,,0,,,0,,,,,,,,,,,,,,,,,,
29,26 - 35,Female,Married with kids,Mumbai,Last 24 hours,Whatsapp,17%,,Teams ,16%,,Instagram,8%,,Truecaller,7%,,Gmail,3%,,MX Player ,1%,,Google Pay,1%,,,,,,,,,,,,,0,,,0,,,0,,,0,,,0,,,0,,,0,,,0,,,0,,,0,,,0,,,,,,,,,,,,,,,,,,
21,18 - 25,Female,In a relationship,Mumbai,Last 24 hours,Instagram,24%,,Youtube,23.06%,,Whatsapp,7.52%,,Snapchat,5.72%,,Google Play Store (Service),3.94%,,Barbeque Nation,0.81%,,Google Pay,0.12%,,,,,,,,,,,,,0,,,0,,,0,,,0,,,0,,,0,,,0,,,0,,,0,,,0,,,0,,,,,,,,,,,,,,,,,,
23,18 - 25,Female,In a relationship,Mumbai,Last 240 hours,Instagram,33%,,Whatsapp,28%,,Snapchat,5%,,Zoom,1%,,Youtube,1%,,Paytm,1%,,InShot,1%,,Rapido,1%,,Spotify,,,Meet,,,Zomato,,0,Gmail,,0,Linkedin,,0,Domino's,,0,Swiggy,,0,Google Pay,,0,,,0,,,0,,,0,,,0,,,0,,,,,,,,,,,,,,,,,,
20,18 - 25,Female,In a relationship,Chennai,Last 24 hours,Whatsapp,1%,,Chrome,,,,,,,,,,,,,,,,,,,,,,,,,,,,,0,,,0,,,0,,,0,,,0,,,0,,,0,,,0,,,0,,,0,,,0,,,,,,,,,,,,,,,,,,
26,26 - 35,Female,In a relationship,Chennai,Last 240 hours,Reddit,34%,,Youtube,12%,,Zomato,9%,,Whatsapp,8%,,Myntra,5%,,Facebook,5%,,Facebook,3%,,Swiggy,2%,,Snapchat,1%,,Nykaa,1%,,Amazon,1%,0.016291952,Google Pay,1%,0.016291952,Siri,1%,0.016291952,,,0,,,0,,,0,,,0,,,0,,,0,,,0,,,0,,,,,,,,,,,,,,,,,,
35,26 - 35,Female,Married with no kids,Bangalore,Last 24 hours,Youtube,8%,,Instagram,4%,,Whatsapp,2%,,Snapchat,2%,,,,,,,,,,,,,,,,,,,,,,0,,,0,,,0,,,0,,,0,,,0,,,0,,,0,,,0,,,0,,,0,,,,,,,,,,,,,,,,,,
21,18 - 25,Female,In a relationship,Kolkata,Last 240 hours,Facebook,27%,,Instagram,20%,,Whatsapp,16%,,Youtube,12%,,Snapchat,2%,,Amazon Music,2%,,ZEE5,1%,,Netflix,1%,,Zomato,1%,,Hotstar,1%,,Myntra ,1%,0.016291952,Google Pay,1%,0.016291952,Book My Show,1%,0.016291952,Truecaller,,0,Dominos,,0,Amazon,,0,Flipkart,,0,Paytm,,0,Swiggy,,0,Nykaa,,0,,,0,,,,,,,,,,,,,,,,,,
28,26 - 35,Female,In a relationship,Bangalore,Last 24 hours,Instagram,6%,,Snapchat,1%,,Youtube,,,,,,,,,,,,,,,,,,,,,,,,,,0,,,0,,,0,,,0,,,0,,,0,,,0,,,0,,,0,,,0,,,0,,,,,,,,,,,,,,,,,,
27,26 - 35,Female,In a relationship,Kolkata,Last 24 hours,Whatsapp,29%,,Instagram,23%,,Telegram,7%,,Swiggy,6%,,Spotify,5%,,Youtube,5%,,Gmail,3%,,Facebook,3%,,Netflix,3%,,Chrome,,,Truecaller,,0,AJIO,,0,Google Pay,,0,,,0,,,0,,,0,,,0,,,0,,,0,,,0,,,0,,,,,,,,,,,,,,,,,,
20,18 - 25,Female,In a relationship,Kolkata,Last 24 hours,Facebook,20%,,Prime Video,12%,,Amazon,8%,,Whatsapp,7%,,Instagram,4%,,Mobile legends Bang Bang,4%,,Youtube,1%,,Google Play Store (Service),1%,,,,,,,,,,0,,,0,,,0,,,0,,,0,,,0,,,0,,,0,,,0,,,0,,,0,,,,,,,,,,,,,,,,,,
23,18 - 25,Female,In a relationship,Kolkata,Last 24 hours,Whatsapp,14.32%,,Facebook,9.34%,,Google Play Store (Service),7.41%,,Instagram,1.68%,,POCO Launcher,1.30%,,Telegram,0.81%,,Youtube,0.65%,,Gmail,0.52%,,,,,,,,,,0,,,0,,,0,,,0,,,0,,,0,,,0,,,0,,,0,,,0,,,0,,,,,,,,,,,,,,,,,,
20,18 - 25,Female,In a relationship,Lucknow,Last 24 hours,Instagram,33.51%,,Whatsapp,20.94%,,Snapchat,7.38%,,Gmail,6.21%,,Truecaller,0.82%,,Youtube,0.18%,,MX Player,0.17%,,,,,,,,,,,,,0,,,0,,,0,,,0,,,0,,,0,,,0,,,0,,,0,,,0,,,0,,,,,,,,,,,,,,,,,,
35,26 - 35,Female,Married with kids,Bangalore,Last 240 hours,Whatsapp,12.30%,,Instagram,8.00%,,Rapido,3.80%,,Google Play Store (Service),1.60%,,Uber,1.30%,,Namma Yatri,1.00%,,Gmail,0.70%,,Google Play Store (Service),0.20%,,,,,,,,,,0,,,0,,,0,,,0,,,0,,,0,,,0,,,0,,,0,,,0,,,0,,,,,,,,,,,,,,,,,,
20,18 - 25,Female,In a relationship,Mumbai,Last 24 hours,Instagram,63.08%,,Youtube,7.28%,,Google Play Store (Service),2.11%,,Spotify,1.87%,,Snapchat,0.75%,,Whatsapp,0.53%,,,,,,,,,,,,,,,,0,,,0,,,0,,,0,,,0,,,0,,,0,,,0,,,0,,,0,,,0,,,,,,,,,,,,,,,,,,
30,26 - 35,Female,Married with kids,Delhi NCR,Last 24 hours,Instagram,37%,,Whatsapp,20%,,Facebook,10%,,Spotify,5%,,FirstCry.com,4%,,Chrome,4%,,Youtube,2%,,Safari,1%,,Gmail,,,Zoom,,,Amazon,,0,AJIO,,0,Truecaller,,0,Mamaearth,,0,Flipkart,,0,Paytm,,0,Myntra,,0,Axis Mobile,,0,iMobile Pay,,0,Messenger,,0,Ola,,0,NoBrokerHood,,,,,,,,,,,,,,,,,
33,26 - 35,Female,Married with kids,Mumbai,Last 24 hours,Facebook,4%,,Whatsapp,2%,,Chrome,1%,,Meet,1%,,Google Play Store (Service),1%,,Snapchat,,,,,,,,,,,,,,,,,0,,,0,,,0,,,0,,,0,,,0,,,0,,,0,,,0,,,0,,,0,,,,,,,,,,,,,,,,,,
19,18 - 25,Female,In a relationship,Kolkata,Last 24 hours,Meet,85.05%,,,,,Whatsapp,0.61%,,,,,,,,,,,,,,,,,,,,,,,,,0,,,0,,,0,,,0,,,0,,,0,,,0,,,0,,,0,,,0,,,0,,,,,,,,,,,,,,,,,,
26,26 - 35,Female,In a relationship,Delhi NCR,Last 24 hours,Whatsapp,28.72%,,Instagram,16.55%,,Youtube,13.55%,,Gmail,5.12%,,Hotstar,4.11%,,Momspresso MyMoney,2.42%,,Google Play Store (Service),2.39%,,Facebook,1.53%,,Google,1.01%,,Google Play Store (Service),0.92%,,Chrome,0.91%,0.014825676,Viralpitch,0.74%,0.012056044,InShot,0.70%,0.011404366,Truecaller,0.66%,0.010752688,Amazon,0.60%,0.009775171,Internet/Browser ,0.59%,0.009612252,Gboard,0.55%,0.008960573,,,0,,,0,,,0,,,0,,,,,,,,,,,,,,,,,,
35,26 - 35,Female,Married with no kids,Mumbai,Last 24 hours,Facebook,3%,,Youtube,2%,,TeraBox,1%,,iMobile pay,1%,,Dailyhunt,1%,,Google Pay,1%,,Meet(original),1%,,Telegram,1%,,Google Play Store (Service),1%,,Flipkart,1%,,V-Appstore,1%,0.016291952,Paytm,1%,0.016291952,Google,1%,0.016291952,Browser,1%,0.016291952,Chrome,1%,0.016291952,,,0,,,0,,,0,,,0,,,0,,,0,,,,,,,,,,,,,,,,,,
27,26 - 35,Female,Married with kids,Mumbai,Last 24 hours,Instagram,34%,,Youtube,16%,,Whatsapp,13%,,FaceTime,13%,,Safari,2%,,,,,,,,,,,,,,,,,,,0,,,0,,,0,,,0,,,0,,,0,,,0,,,0,,,0,,,0,,,0,,,,,,,,,,,,,,,,,,
33,26 - 35,Female,Married with kids,Mumbai,Last 24 hours,Facebook,40%,,Angel One,31%,,Whatsapp,28%,,Google Play Store (Service),5%,,Stumble Guys,3%,,Chrome,3%,,Youtube,3%,,Google,1%,,Instagram,1%,,YouTube Music,1%,,,,0,,,0,,,0,,,0,,,0,,,0,,,0,,,0,,,0,,,0,,,0,,,,,,,,,,,,,,,,,,
20,18 - 25,Female,In a relationship,Lucknow,Last 24 hours,Whatsapp,8.50%,,Youtube,8.50%,,Ludo King,2.30%,,Gmail,1.60%,,Google Play Store (Service),1.20%,,Truecaller,0.60%,,Google,0.30%,,Instagram,0.30%,,Chrome,0.20%,,,,,,,0,,,0,,,0,,,0,,,0,,,0,,,0,,,0,,,0,,,0,,,0,,,,,,,,,,,,,,,,,,
27,26 - 35,Female,In a relationship,Bangalore,Last 24 hours,Instagram,70.56%,,WhatsApp Business,33.45%,,Prime video,15.34%,,Spotify,9.80%,,Google Play Store (Service),8.07%,,Facebook,6.22%,,Truecaller,5.08%,,Google,4.34%,,Google Play Store (Service),3.34%,,Whatsapp,3.07%,,Chrome,2.79%,0.045454545,Outlook,2.57%,0.041870316,Gboard,1.64%,0.026718801,,,0,,,0,,,0,,,0,,,0,,,0,,,0,,,0,,,,,,,,,,,,,,,,,,
33,26 - 35,Female,Married with kids,Bangalore,Last 24 hours,Whatsapp,3.00%,,Chrome,0.20%,,Google Play Store (Service),0.20%,,Youtube,0.20%,,,,,,,,,,,,,,,,,,,,,,0,,,0,,,0,,,0,,,0,,,0,,,0,,,0,,,0,,,0,,,0,,,,,,,,,,,,,,,,,,
31,26 - 35,Female,Married with kids,Delhi NCR,Last 24 hours,Google,11.50%,,Youtube,8.50%,,Chrome,7.10%,,Whatsapp,6.70%,,Instagram,2.20%,,Facebook,1.50%,,Google Play Store (Service),1.20%,,Party craft,2.60%,,Truecaller,1.50%,,Meesho,0.60%,,AJIO,0.60%,0.009775171,Momspresso MyMoney,0.30%,0.004887586,Google Play Store (Service),0.30%,0.004887586,Chrome,0.20%,0.00325839,Flipkart,0.20%,0.00325839,Sodexo-Zeta,0.20%,0.00325839,Amazon,0.20%,0.00325839,Nykaa,0.20%,0.00325839,Myntra,0.20%,0.00325839,Prime Video,0.10%,0.001629195,snapdeal,0.10%,0.001629195,Messenger,0.10%,Shopsy,0.10%,,,,,,,,,,,,,,
19,18 - 25,Female,In a relationship,Mumbai,Last 24 hours,Instagram,54%,,Whatsapp,,,Spotify,,,Gmail,,,Safari,,,Snapchat,,,Paytm,,,Youtube,,,BeReal.,,,Splitwise,,,urbanic,,0,,,0,,,0,,,0,,,0,,,0,,,0,,,0,,,0,,,0,,,0,,,,,,,,,,,,,,,,,,
26,18 - 25,Female,Married with kids,Delhi NCR,Last 24 hours,Youtube,17%,,Lite,17%,,Whatsapp,15%,,Instagram,7%,,Google Play Store (Service),5%,,Telegram,5%,,Telegram,5%,,Chrome,4%,,Gmail,2%,,Google Play Store (Service),1%,,Google News,1%,0.016291952,Google,1%,0.016291952,,,0,,,0,,,0,,,0,,,0,,,0,,,0,,,0,,,0,,,,,,,,,,,,,,,,,,
22,18 - 25,Female,In a relationship,Delhi NCR,Last 24 hours,Instagram,44%,,Snapchat,12%,,Whatsapp,7%,,Safari,4%,,H&M,4%,,FaceTime,2%,,Zoom,1%,,Magicpin,1%,,Zomato,1%,,Uber,1%,,Rapido,1%,0.016291952,Gmail,,0,Truecaller,,0,Spotify,,0,OYO,,0,Telegram,,0,99acres,,0,Domino's,,0,Urbanic,,0,Airtel,,0,FabHotels,,0,Virgio,,McDonald's,,Snapseed,,Siri,,,,,,,,,,,
27,26 - 35,Female,In a relationship,Bhubaneshwar,Last 24 hours,Whatsapp,34.30%,,Instagram,4.78%,,Flipkart,,,Whatsapp,4.22%,,Google Play Store (Service),1.89%,,Chrome,1.15%,,Truecaller,1.00%,,Meet,0.95%,,Google Play Store (Service),0.68%,,Facebook,0.54%,,,,0,,,0,,,0,,,0,,,0,,,0,,,0,,,0,,,0,,,0,,,0,,,,,,,,,,,,,,,,,,
34,26 - 35,Female,Married with kids,Delhi NCR,Last 24 hours,Whatsapp,24%,,Chrome,17%,,Spotify,14%,,Instagram,8%,,Amazon,7%,,Google Play Store (Service),5%,,Truecaller,5%,,Youtube,5%,,Gmail,3%,,Viralpitch,2%,,AJIO,2%,0.032583904,Bigbasket,1%,0.016291952,Facebook,1%,0.016291952,Paytm,1%,0.016291952,Momspresso MyMoney,1%,0.016291952,ZEE5,1%,0.016291952,Nykaa,1%,0.016291952,,,0,,,0,,,0,,,0,,,,,,,,,,,,,,,,,,
35,26 - 35,Female,Married with kids,Delhi NCR,Last 24 hours,Whatsapp,27%,,Facebook,11%,,Instagram,9%,,Chrome,7%,,Cover Fire,4%,,Google Play Store (Service),3%,,Gmail,3%,,Amazon,2%,,The Good Creator Co.,2%,,Truecaller,2%,,Google,2%,0.032583904,Youtube,1%,0.016291952,Viralpitch,1%,0.016291952,Momspresso MyMoney,1%,0.016291952,Paytm,1%,0.016291952,Meet,1%,0.016291952,WhatsApp Business,1%,0.016291952,,,0,,,0,,,0,,,0,,,,,,,,,,,,,,,,,,
31,26 - 35,Female,Married with kids,Bangalore,Last 24 hours,Instagram,23%,,Chrome,11%,,Meesho,10%,,Whatsapp,8%,,Uber,7%,,Zomato,4%,,Blinkit,3%,,Spotify,3%,,Myntra,3%,,,,,,,0,,,0,,,0,,,0,,,0,,,0,,,0,,,0,,,0,,,0,,,0,,,,,,,,,,,,,,,,,,
33,26 - 35,Female,Married with kids,AHMEDABAD,Last 24 hours,Whatsapp,7.30%,,Instagram,6.00%,,Gmail,2.00%,,Amazon,1.50%,,Paytm,1.30%,,Youtube,0.70%,,Candy Crush Soda,0.50%,,Chrome,0.50%,,Truecaller,0.50%,,Google Play Store (Service),0.50%,,Yahoo mail,0.30%,0.004887586,Momspresso MyMoney,0.30%,0.004887586,Facebook,0.30%,0.004887586,MakeMyTrip,0.20%,0.00325839,Google,0.20%,0.00325839,Twitter,0.10%,0.001629195,Google Play Store (Service),0.10%,0.001629195,,,0,Flipkart,,0,,,0,,,0,,,,,,,,,,,,,,,,,,
34,26 - 35,Female,Married with kids,Mumbai,Last 24 hours,Youtube,29%,,Instagram,21%,,Snapchat,12%,,Indian Train Simulator,8%,,Chrome,3%,,World Cricket Championship 2,3%,,VN - Video Editor,2%,,Whatsapp,2%,,Google Play Store (Service),1%,,Vidmate,1%,,iManager,1%,0.016291952,,,0,,,0,,,0,,,0,,,0,,,0,,,0,,,0,,,0,,,0,,,,,,,,,,,,,,,,,,
34,18 - 25,Female,Married with no kids,Mumbai,Last 24 hours,Whatsapp,17.90%,,Google Play Store (Service),5.21%,,Instagram,2.36%,,Facebook,2.07%,,Youtube,1.72%,,Chrome,1.69%,,Google Play Store (Service),1.18%,,Paytm,1.04%,,Telegram,0.79%,,Google,0.64%,,Meet,0.57%,0.009286413,Gmail,0.54%,0.008797654,,,0,,,0,,,0,,,0,,,0,,,0,,,0,,,0,,,0,,,,,,,,,,,,,,,,,,
23,18 - 25,Female,In a relationship,Kolkata,Last 24 hours,Whatsapp,9.60%,,Facebook,8.70%,,Ludo King,6.10%,,Instagram,4.40%,,Youtube,3.30%,,Gmail,3.30%,,Google Play Store (Service),0.90%,,Messenger,0.40%,,Amazon,0.10%,,Phonepe,0.10%,,Linkedin,0.10%,0.001629195,Google Play Store (Service),0.10%,0.001629195,Google,0.10%,0.001629195,Truecaller,0.10%,0.001629195,,,0,,,0,,,0,,,0,,,0,,,0,,,0,,,,,,,,,,,,,,,,,,
21,18 - 25,Female,In a relationship,Chennai,Last 24 hours,Instagram,29%,,Whatsapp,19%,,Snapchat,12%,,Netflix,11%,,Spotify,11%,,Spotify,6%,,Chrome,3%,,Youtube,2%,,Quran,1%,,Telegram,1%,,Pinterest,1%,0.016291952,Magicpin,1%,0.016291952,Gmail,1%,0.016291952,Flipkart,1%,0.016291952,Google,1%,0.016291952,Safari,1%,0.016291952,Amazon,1%,0.016291952,Google Pay,1%,0.016291952,Drive,,0,Wynk Music,,0,VN,,0,Myntra,,Zomato,,Translate,,Ola,,Uber,,Siri,,Sheets,,,,,
35,26 - 35,Female,Married with kids,Delhi NCR,Last 24 hours,Whatsapp,23.98%,,Instagram,13.06%,,Youtube,5.89%,,Google Play Store (Service),2.18%,,Facebook,0.98%,,Chrome,0.57%,,Meesho,0.55%,,Gmail,0.55%,,,,,,,,,,0,,,0,,,0,,,0,,,0,,,0,,,0,,,0,,,0,,,0,,,0,,,,,,,,,,,,,,,,,,
34,18 - 25,Female,In a relationship,Mumbai,Last 24 hours,Whatsapp,4.60%,,Meet,2.10%,,Truecaller,1.10%,,Google Play Store (Service),1.10%,,Instagram,0.90%,,Facebook,0.90%,,Video Player,0.80%,,Chrome,0.60%,,Gmail,0.40%,,Telegram,0.30%,,PharmEasy,0.20%,0.00325839,Airtel,0.20%,0.00325839,Shopsy,0.20%,0.00325839,Josh,0.20%,0.00325839,Finder,0.10%,0.001629195,Blinkit,0.10%,0.001629195,Swiggy,0.10%,0.001629195,,,0,,,0,,,0,,,0,,,,,,,,,,,,,,,,,,
30,26 - 35,Female,Married with kids,Kolkata,Last 24 hours,Facebook,19.51%,,Whatsapp,19.00%,,Instagram,7.74%,,Google Play Store (Service),2.24%,,Youtube,1.69%,,Gmail,1.59%,,Outlook,0.72%,,Google Play Store (Service),0.72%,,Chrome,0.54%,,,,,,,0,,,0,,,0,,,0,,,0,,,0,,,0,,,0,,,0,,,0,,,0,,,,,,,,,,,,,,,,,,
27,26 - 35,Female,Married with no kids,Bangalore,Last 24 hours,Youtube,7%,,Whatsapp,7%,,Instagram,5%,,Video Player,4%,,Samsung Health,3%,,,,,,,,,,,,,,,,,,,0,,,0,,,0,,,0,,,0,,,0,,,0,,,0,,,0,,,0,,,0,,,,,,,,,,,,,,,,,,
25,18 - 25,Female,In a relationship,Lucknow,Last 24 hours,Whatsapp,14.26%,,Instagram,11.94%,,Spotify,3.68%,,Gmail,3.67%,,Snapchat,3.35%,,Nykaa,0.71%,,Chrome,0.49%,,Youtube,0.43%,,Google Play Store (Service),0.38%,,Myntra,0.30%,,Meesho,0.29%,0.004724666,Google,0.28%,0.004561746,Paytm,0.23%,0.003747149,Flipkart,0.15%,0.002443793,Gboard,0.12%,0.001955034,,,0,,,0,,,0,,,0,,,0,,,0,,,,,,,,,,,,,,,,,,
21,18 - 25,Female,In a relationship,Bangalore,Last 24 hours,Instagram,43%,,Youtube,14%,,PlayerXtreme,7%,,Whatsapp,6%,,Snapchat,5%,,Documents,4%,,Google,3%,,Myntra,2%,,Safari,2%,,Telegram,1%,,Gmail,1%,0.016291952,Flipkart,1%,0.016291952,InShot,,0,Facebook,,0,Facebook,,0,Amazon,,0,Meesho,,0,Truecaller,,0,Messenger,,0,,,0,,,0,,,,,,,,,,,,,,,,,,
30,26 - 35,Female,Married with no kids,Lucknow,Last 24 hours,Candy Crush Soda,10%,,Whatsapp,10%,,Facebook,9%,,MX Player,7%,,Youtube,4%,,Google Play Store (Service),4%,,Truecaller,2%,,Instagram,1%,,Browser,1%,,Myntra,1%,,Google,1%,0.016291952,BlueJeans,1%,0.016291952,Google Play Store (Service),1%,0.016291952,Chrome,1%,0.016291952,Teams,1%,0.016291952,Healofy,1%,0.016291952,apna,1%,0.016291952,Twitter,1%,0.016291952,Amazon,1%,0.016291952,Swiggy,1%,0.016291952,Meesho,1%,0.016291952,,,,,,,,,,,,,,,,,,
21,18 - 25,Female,In a relationship,Kolkata,Last 24 hours,King's Choice,,,Instagram,,,Whatsapp,,,Youtube,,,Candy Crush Saga,,, JioSaavn,,,Jio TV,,,Safari,,,Spotify,,,OPA,,,Google Pay,,0,Drive,,0,FaceTime,,0,Meet(original),,0,Zomato,,0,Linkedin,,0,Phonepe,,0,Freeskout,,0,Translate,,0,Swiggy,,0,Axis Mobile,,0,Viralpitch,,Kofluence,,Myntra,,Messenger,,Amazon,,Dailymotion,,Clash of Clans,,My Jio,,ixigo trains,
24,18 - 25,Female,In a relationship,Lucknow,Last 24 hours,Instagram,57.78%,,Whatsapp,15.93%,,Google Play Store (Service),7.77%,,Snapchat,5.91%,,Gmail,3.71%,,Chrome,1.66%,,Zomato,0.96%,,Google,0.96%,,Truecaller,0.93%,,Gboard,0.85%,,Meet,0.80%,0.013033561,Swiggy,0.58%,0.009449332,Two Dots,0.58%,0.009449332,Linkedin,0.54%,0.008797654,Youtube,0.46%,0.007494298,Paytm,0.37%,0.006028022,Dailyhunt,0.36%,0.005865103,HDFC Bank,0.36%,0.005865103,AJIO,0.36%,0.005865103,Airtel,0.28%,0.004561746,Meesho,0.25%,0.004072988,prime video,0.22%,Myntra,0.21%,JioCinema,0.21%,Ola,0.17%,Google Pay,0.15%,Amazon,0.13%,,,,,,
21,18 - 25,Female,Married with no kids,Bangalore,Last 24 hours,Whatsapp,9%,,Instagram,7%,,Truecaller,3%,,Google Play Store (Service),3%,,Google,1%,,InShot,1%,,imo,1%,,,,,,,,,,,,,0,,,0,,,0,,,0,,,0,,,0,,,0,,,0,,,0,,,0,,,0,,,,,,,,,,,,,,,,,,
32,26 - 35,Female,Married with kids,Delhi NCR,Last 24 hours,Whatsapp,8.92%,,Instagram,7.06%,,Chrome,3.09%,,Youtube,2.52%,,Rush,2.05%,,Video Maker,1.25%,,Facebook,0.82%,,Nykaa,0.77%,,AltFit,0.68%,,Wynk Music,0.63%,,The Moms Co.,0.57%,0.009286413,Flipkart,0.34%,0.005539264,Adobe Scan,0.25%,0.004072988,Gmail,0.24%,0.003910068,Remini,0.17%,0.002769632,Google Pay,0.10%,0.001629195,,,0,,,0,,,0,,,0,,,0,,,,,,,,,,,,,,,,,,
21,18 - 25,Female,In a relationship,Kolkata,Last 24 hours,Whatsapp,15.62%,,Snapchat,13.87%,,Gmail,5.29%,,Youtube,4.83%,,Google Play Store (Service),2.52%,,Truecaller,2.20%,,Chrome,2.11%,,,,,,,,,,,,,0,,,0,,,0,,,0,,,0,,,0,,,0,,,0,,,0,,,0,,,0,,,,,,,,,,,,,,,,,,
31,26 - 35,Female,Married with kids,Delhi NCR,Last 24 hours,Whatsapp,9.20%,,Google Play Store (Service),5.35%,,Youtube,4.42%,,Facebook,1.74%,,Chrome,1.12%,,Amazon,0.98%,,Truecaller,0.78%,,Instagram,0.60%,,,,,,,,,,0,,,0,,,0,,,0,,,0,,,0,,,0,,,0,,,0,,,0,,,0,,,,,,,,,,,,,,,,,,
32,26 - 35,Female,Married with kids,Lucknow,Last 24 hours,Youtube,35.41%,,Free Fire MAX,32.08%,,Instagram,9.06%,,Whatsapp,3.40%,,Zedge,2.42%,,Google Play Store (Service),2.38%,,Google Play Store (Service),1.66%,,chrome,0.59%,,Google,0.51%,,,,,,,0,,,0,,,0,,,0,,,0,,,0,,,0,,,0,,,0,,,0,,,0,,,,,,,,,,,,,,,,,,
30,26 - 35,Female,Married with kids,Lucknow,Last 24 hours,Youtube,12.25%,,Whatsapp,7.84%,,Nielsen More,6.24%,,Hotstar,4.60%,,Facebook,4.60%,,Instagram,2.71%,,Truecaller,1.26%,,Google Play Store (Service),1.18%,,Google Play Store (Service),0.50%,,,,,,,0,,,0,,,0,,,0,,,0,,,0,,,0,,,0,,,0,,,0,,,0,,,,,,,,,,,,,,,,,,
29,26 - 35,Female,Married with kids,BHUBANESHWAR,Last 24 hours,Whatsapp,42.28%,,Instagram,3.67%,,Youtube,3.03%,,Whatsapp,2.87%,,Facebook,2.15%,,Facebook,1.73%,,Google Play Store (Service),1.60%,,Meet,1.36%,,Google,1.22%,,Google Play Store (Service),0.86%,,Instagram,0.81%,0.013196481,,,0,,,0,,,0,,,0,,,0,,,0,,,0,,,0,,,0,,,0,,,,,,,,,,,,,,,,,,
28,26 - 35,Female,Married with kids,HARYANA,Last 24 hours,Whatsapp,15.83%,,Meet,7.65%,,Google Play Store (Service),1.84%,,Truecaller,1.81%,,InShot,1.55%,,Facebook,1.39%,,Momspresso MyMoney,1.05%,,Instagram,0.71%,,Google,0.70%,,Telegram,0.64%,,,,0,,,0,,,0,,,0,,,0,,,0,,,0,,,0,,,0,,,0,,,0,,,,,,,,,,,,,,,,,,
37,26 - 35,Female,Married with kids,Mumbai,Last 24 hours,Facebook,10%,,Whatsapp,9%,,Youtube,9%,,Google Play Store (Service),4%,,Chrome,1%,,Instagram,1%,,Truecaller,1%,,,,,,,,,,,,,0,,,0,,,0,,,0,,,0,,,0,,,0,,,0,,,0,,,0,,,0,,,,,,,,,,,,,,,,,,
28,26 - 35,Female,Married with kids,Delhi NCR,Last 24 hours,Whatsapp,24%,,Instagram,7%,,,,,,,,,,,,,,,,,,,,,,,,,,,,0,,,0,,,0,,,0,,,0,,,0,,,0,,,0,,,0,,,0,,,0,,,,,,,,,,,,,,,,,,
32,26 - 35,Female,Married with no kids,Mumbai,Last 24 hours,Whatsapp,7.32%,,Instagram,5.85%,,Facebook,2.66%,,WhatsApp (Clone),2.24%,,Google,1.14%,,Youtube,0.86%,,Paytm,0.58%,,Chrome,0.56%,,Snapchat,0.56%,,Amazon,0.47%,,Google Play Store (Service),0.41%,0.0066797,muzio player,0.39%,0.006353861,Gboard,0.28%,0.004561746,Google Play Store (Service),0.23%,0.003747149,Google Play Store (Service),0.17%,0.002769632,Meesho,0.10%,0.001629195,,,0,,,0,,,0,,,0,,,0,,,,,,,,,,,,,,,,,,
24,18 - 25,Female,In a relationship,Kolkata,Last 24 hours,Whatsapp,11.56%,,Instagram,7.72%,,Snapchat,3.74%,,Facebook,2.68%,,Gmail,2.58%,,Truecaller,1.22%,,Google,0.83%,,NoiseFit,0.58%,,Chrome,0.56%,,Gboard,0.56%,,Youtube,0.38%,0.006190942,Linkedin,0.35%,0.005702183,Google Play Store (Service),0.23%,0.003747149,Paytm,0.22%,0.003584229,My Jio,0.20%,0.00325839,Zomato,0.20%,0.00325839,,,0,,,0,,,0,,,0,,,0,,,,,,,,,,,,,,,,,,
35,26 - 35,Female,Married with kids,Lucknow,Last 24 hours,Instagram,34.61%,,Truecaller,6.77%,,Whatsapp,6.19%,,Internet/Browser,4.70%,,Facebook,2.23%,,Google Play Store (Service),2.09%,,Youtube,1.79%,,Chrome,1.26%,,Amazon,0.97%,,ShareChat,0.83%,,Meesho,0.70%,0.011404366,Gmail,0.67%,0.010915608,ZEE5,0.61%,0.009938091,Google,0.54%,0.008797654,WhatsApp Business,0.53%,0.008634734,Snapchat,0.51%,0.008308895,,,0,,,0,,,0,,,0,,,0,,,,,,,,,,,,,,,,,,
32,26 - 35,Female,Married with kids,Delhi NCR,Last 24 hours,Youtube,33.42%,,Whatsapp,4.91%,,Google,0.87%,,Instagram,0.62%,,Chrome,0.62%,,Google Play Store (Service),0.60%,,,,,,,,,,,,,,,,0,,,0,,,0,,,0,,,0,,,0,,,0,,,0,,,0,,,0,,,0,,,,,,,,,,,,,,,,,,
33,26 - 35,Female,Married with kids,Mumbai,Last 24 hours,Facebook,20.90%,,ShareChat,6.00%,,Instagram,2.60%,,Whatsapp,2.10%,,Youtube,1.80%,,Google Play Store (Service),1.10%,,My Jio,0.30%,,,,,,,,,,,,,0,,,0,,,0,,,0,,,0,,,0,,,0,,,0,,,0,,,0,,,0,,,,,,,,,,,,,,,,,,
26,26 - 35,Female,In a relationship,Delhi NCR,Last 24 hours,Instagram,7.90%,,Youtube,4.90%,,Chrome,2.00%,,Google Play Store (Service),1.70%,,Candy Crush Soda,1.20%,,Whatsapp,1.20%,,Gmail,0.50%,,Google Play Store (Service),0.30%,,Facebook,0.30%,,,,,,,0,,,0,,,0,,,0,,,0,,,0,,,0,,,0,,,0,,,0,,,0,,,,,,,,,,,,,,,,,,
34,26 - 35,Female,Married with kids,Mumbai,Last 24 hours,Instagram,10.90%,,Whatsapp,7.17%,,boAt Wave,2.44%,,MX Player,0.14%,,Drive,0.13%,,Myntra,0.12%,,MyJio,0.12%,,Pedometer Step Counter,0.12%,,Google Pay,0.10%,,Google Play Store (Service),0.23%,,Urbanic,0.22%,0.003584229,Google Play Store (Service),0.20%,0.00325839,Meesho,0.85%,0.013848159,Urban company,0.66%,0.010752688,Telegram,0.62%,0.01010101,Zepto,0.50%,0.008145976,Google,1.47%,0.023949169,Chrome,1.12%,0.018246986,Google Play Store (Service),1.09%,0.017758227,Youtube,1.08%,0.017595308,,,0,,,,,,,,,,,,,,,,,,
26,26 - 35,Female,In a relationship,Lucknow,Last 24 hours,Instagram,69%,,Whatsapp,14%,,Chrome,3%,,Candy Crush Saga,2%,,Google Pay,1%,,Meesho,1%,,Youtube,1%,,Snapchat,1%,,Netflix,1%,,FaceTime,,,Facebook,,0,Find My,,0,,,0,,,0,,,0,,,0,,,0,,,0,,,0,,,0,,,0,,,,,,,,,,,,,,,,,,
23,18 - 25,Female,In a relationship,Lucknow,Last 24 hours,Whatsapp,23%,,Facebook,22%,,Youtube,5%,,Race Master,4%,,Gmail,3%,,Truecaller,2%,,Google Play Store (Service),2%,,Google Play Store (Service),1%,,My Jio,1%,,iMobile Pay,1%,,Google Pay,,0,,,0,,1%,0.016291952,,,0,,,0,,,0,,,0,,,0,,,0,,,0,,,0,,,,,,,,,,,,,,,,,,
25,18 - 25,Female,Married with kids,Delhi NCR,Last 24 hours,Instagram,30.80%,,Whatsapp,22.58%,,Snapchat,17.31%,,Youtube,4.77%,,Chrome,3.12%,,Phonepe,1.80%,,Facebook,0.79%,,,,,,,,,,,,,0,,,0,,,0,,,0,,,0,,,0,,,0,,,0,,,0,,,0,,,0,,,,,,,,,,,,,,,,,,
28,26 - 35,Female,Married with kids,AHMEDABAD,Last 24 hours,Instagram,39%,,Whatsapp,23%,,Hotstar,7%,,Uber,5%,,Gmail,3%,,WhatsApp Business,3%,,Google Play Store (Service),3%,,InShot,3%,,Truecaller,1%,,Paytm,1%,,Ola,1%,0.016291952,Facebook,1%,0.016291952,Chrome,1%,0.016291952,Google,1%,0.016291952,,,0,,,0,,,0,,,0,,,0,,,0,,,0,,,,,,,,,,,,,,,,,,
22,18 - 25,Female,In a relationship,Lucknow,Last 24 hours,Youtube,20%,,HiTV,10%,,Instagram,4%,,Snapchat,2%,,Google Play Store (Service),2%,,Spotify,1%,,Whatsapp,1%,,Browser,1%,,Gmail,1%,,ShareChat,1%,,Google Play Store (Service),1%,0.016291952,Chrome,1%,0.016291952,Google,1%,0.016291952,Kitty Care and Grooming,1%,0.016291952,Talking Ginger 2,1%,0.016291952,,,0,,,0,,,0,,,0,,,0,,,0,,,,,,,,,,,,,,,,,,
30,18 - 25,Female,Married with kids,Lucknow,Last 24 hours,Whatsapp,17.03%,,Youtube,7.36%,,Instagram,6.43%,,Truecaller,6.27%,,Google Play Store (Service),4.78%,,Panda pop,3.97%,,Facebook,3.11%,,Block craft 3D,2.94%,,JioSaavan,3.37%,,Meesho,1.60%,,Gaana,0.78%,0.012707722,Google,0.57%,0.009286413,Google Pay,0.52%,0.008471815,,,0,,,0,,,0,,,0,,,0,,,0,,,0,,,0,,,,,,,,,,,,,,,,,,
25,18 - 25,Female,Married with no kids,Kolkata,Last 24 hours,Facebook,8%,,Youtube,7%,,Instagram,6%,,Whatsapp,5%,,Myntra,2%,,Google Play Store (Service),2%,,Gmail,2%,,Truecaller,1%,,FirstCry,1%,,,,,,,0,,,0,,,0,,,0,,,0,,,0,,,0,,,0,,,0,,,0,,,0,,,,,,,,,,,,,,,,,,
21,18 - 25,Female,In a relationship,Kolkata,Last 24 hours,Whatsapp,10%,,Instagram,6%,,Facebook,4%,,Google Play Store (Service),2%,,Ola,2%,,Flipkart,1%,,Prime video,1%,,Amazon,1%,,Spotify,1%,,Gmail,1%,,ZEE5,1%,0.016291952,,,0,,,0,,,0,,,0,,,0,,,0,,,0,,,0,,,0,,,0,,,,,,,,,,,,,,,,,,
35,26 - 35,Female,Married with kids,Lucknow,Last 24 hours,Minecraft,8%,,Youtube,8%,,Gmail,2%,,Whatsapp,2%,,Facebook,1%,,Chrome,1%,,Instagram,1%,,,,,,,,,,,,,0,,,0,,,0,,,0,,,0,,,0,,,0,,,0,,,0,,,0,,,0,,,,,,,,,,,,,,,,,,
24,18 - 25,Female,In a relationship,Ahmedabad,Last 240 hours,Instagram,44%,,Whatsapp,16%,,Snapchat,7%,,Gmail,4%,,Slack,,,GymTimeMember,2%,,Paytm,2%,,Youtube,1%,,Swiggy,1%,,Zomato,1%,,PhotoGrid,1%,0.016291952,Meesho,,0,AJIO,,0,Sheets,,0,Telegram,,0,Jio Cinema,,0,Amazon,,0,Google Pay,,0,,,0,,,0,,,0,,,,,,,,,,,,,,,,,,
20,18 - 25,Female,In a relationship,Mumbai,Last 24 hours,Instagram,45.70%,,Google,37.00%,,,,,,,,,,,,,,,,,,,,,,,,,,,,0,,,0,,,0,,,0,,,0,,,0,,,0,,,0,,,0,,,0,,,0,,,,,,,,,,,,,,,,,,
31,26 - 35,Female,Married with kids,Delhi NCR,Last 240 hours,Youtube,15.30%,,Whatsapp,5.20%,,Facebook,2.90%,,Facebook,2.90%,,Google Play Store (Service),2.80%,,Party Craft,2.60%,,Truecaller,1.50%,,Instagram,0.70%,,Messho,0.60%,,AJIO,0.60%,,Flipkart,0.20%,0.00325839,Amazon,0.20%,0.00325839,Nykaa Fashion,0.20%,0.00325839,Myntra,0.20%,0.00325839,,,0,,,0,,,0,,,0,,,0,,,0,,,0,,,,,,,,,,,,,,,,,,
32,26 - 35,Female,Married with no kids,Lucknow,Last 24 hours,Youtube,21.98%,,Facebook,14.40%,,Whatsapp,10.11%,,Meet,7.09%,,Instagram,6.74%,,Truecaller,4.32%,,Google Play Store (Service),3.39%,,Meet ,0.85%,,,,,,,,,,0,,,0,,,0,,,0,,,0,,,0,,,0,,,0,,,0,,,0,,,0,,,,,,,,,,,,,,,,,,
24,18 - 25,Female,In a relationship,Lucknow,Last 24 hours,Whatsapp,25%,,Instagram,8%,,Wps Office,6%,,Chrome,5%,,Google,4%,,Meet,3%,,Google Play Store (Service),3%,,Google Play Store (Service),3%,,Youtube,2%,,Ola,1%,,Google Pay,1%,0.016291952,Browser,1%,0.016291952,Paytm,1%,0.016291952,Telegram,1%,0.016291952,Linkedin,1%,0.016291952,,,0,,,0,,,0,,,0,,,0,,,0,,,,,,,,,,,,,,,,,,
31,26 - 35,Female,In a relationship,Mumbai,Last 24 hours,Facebook,6.60%,,Youtube,3.80%,,Google Play Store (Service),1.70%,,Whatsapp,1.30%,,Truecaller,1.30%,,Phonepe,0.40%,,Snapchat,0.10%,,,,,,,,,,,,,0,,,0,,,0,,,0,,,0,,,0,,,0,,,0,,,0,,,0,,,0,,,,,,,,,,,,,,,,,,
24,18 - 25,Female,In a relationship,Kolkata,Last 240 hours,Facebook,39%,,Whatsapp,25%,,Instagram,10%,,Spotify,2%,,Tinder,1%,,Meet ,1%,,Youtube,1%,,Uber,1%,,,,,,,,Telegram,,0,Messenger,,0,Zomato,,0,Snapchat,,0,Myntra,,0,Truecaller,,0,Messho,,0,,,0,,,0,,,0,,,0,,,,,,,,,,,,,,,,,,
22,18 - 25,Female,In a relationship,Lucknow,Last 24 hours,Youtube,21%,,Whatsapp,6%,,Google Play Store (Service),3%,,NoiseFit,1%,,Meet ,1%,,Telegram,1%,,Gmail,1%,,,,,,,,,,,,,0,,,0,,,0,,,0,,,0,,,0,,,0,,,0,,,0,,,0,,,0,,,,,,,,,,,,,,,,,,
34,26 - 35,Female,Married with kids,Delhi NCR,Last 24 hours,Whatsapp,7.30%,,Youtube,6.50%,,Instagram,5.60%,,Internet/Browser,0.70%,,Gmail,0.50%,,Truecaller,0.50%,,Spotify,0.50%,,Google Play Store (Service),0.50%,,Myntra,0.30%,,Chrome,0.30%,,Meesho,0.20%,0.00325839,Finder,0.20%,0.00325839,FirstCry,0.10%,0.001629195,Google,0.10%,0.001629195,,,0,,,0,,,0,,,0,,,0,,,0,,,0,,,,,,,,,,,,,,,,,,
33,26 - 35,Female,Married with kids,Kolkata,Last 24 hours,Whatsapp,34.49%,,Instagram,5.62%,,Facebook,5.30%,,Youtube,3.64%,,Meet,2.87%,,Google Play Store (Service),2.63%,,JioSaavan,1.54%,,Meesho,1.13%,,Truecaller,0.51%,,,,,,,0,,,0,,,0,,,0,,,0,,,0,,,0,,,0,,,0,,,0,,,0,,,,,,,,,,,,,,,,,,
30,26 - 35,Female,Married with kids,Lucknow,Last 24 hours,Cndy crush saga,3.14%,,Whatsapp,2.96%,,Lite,1.51%,,,,,,,,,,,,,,,,,,,,,,,,,0,,,0,,,0,,,0,,,0,,,0,,,0,,,0,,,0,,,0,,,0,,,,,,,,,,,,,,,,,,
32,26 - 35,Female,Married with kids,Lucknow,Last 24 hours,Whatsapp,10.13%,,Facebook,7.22%,,Truecaller,2.42%,,Facebook,1.82%,,Jio TV,1.37%,,MyJio,0.88%,,Google Pay,0.67%,,Instagram,0.43%,,Meesho,0.21%,,Youtube,0.19%,,Swiggy,0.19%,0.003095471,Phonepe,0.16%,0.002606712,Growe,0.11%,0.001792115,,,0,,,0,,,0,,,0,,,0,,,0,,,0,,,0,,,,,,,,,,,,,,,,,,
20,18 - 25,Female,In a relationship,Kolkata,Last 24 hours,Instagram,,,Whatsapp,,,Facebook,,,Snapchat,,,Youtube,,,Spotify,,,VN,,,Pinterest,,,Google,,,B612,,,Meesho,,0,Phonepe,,0,Gmail,,0,Zomato,,0,Messenger,,0,Translate,,0,Paytm,,0,Outlook,,0,Google Pay,,0,Siri,,0,Picsart,,0,Safari,,,,,,,,,,,,,,,,,
34,26 - 35,Female,Married with kids,Kolkata,Last 24 hours,Instagram,29.08%,,Whatsapp,23.89%,,Facebook,12.51%,,Myntra,5.78%,,Youtube,5.13%,,Gmail,4.87%,,Pratilipi,4.47%,,MyGlamm,2.50%,,Quora,1.08%,,The Good Creator Co. ,0.77%,,Linkedin,0.54%,0.008797654,,,0,,,0,,,0,,,0,,,0,,,0,,,0,,,0,,,0,,,0,,,,,,,,,,,,,,,,,,
35,26 - 35,Female,Married with kids,Lucknow,Last 24 hours,Facebook,47%,,Whatsapp,4%,,Youtube,2%,,Google Play Store (Service),2%,,Google Play Store (Service),1%,,Phonepe,1%,,Chrome,1%,,Google,1%,,Truecaller,1%,,Voot,1%,,,,0,,,0,,,0,,,0,,,0,,,0,,,0,,,0,,,0,,,0,,,0,,,,,,,,,,,,,,,,,,
35,26 - 35,Female,Married with kids,Bangalore,Last 24 hours,Google Play Store (Service),1.34%,,Whatsapp,0.61%,,,,,,,,,,,,,,,,,,,,,,,,,,,,0,,,0,,,0,,,0,,,0,,,0,,,0,,,0,,,0,,,0,,,0,,,,,,,,,,,,,,,,,,
35,26 - 35,Female,Married with kids,Lucknow,Last 24 hours,Youtube,52.25%,,Facebook,30.44%,,Whatsapp,3.69%,,Google Play Store (Service),2.69%,,Google,2.66%,,Truecaller,0.98%,,Google Play Store (Service),0.53%,,,,,,,,,,,,,0,,,0,,,0,,,0,,,0,,,0,,,0,,,0,,,0,,,0,,,0,,,,,,,,,,,,,,,,,,
22,18 - 25,Female,In a relationship,Kolkata,Last 24 hours,Instagram,41%,,Whatsapp,30%,,Spotify,11%,,Snapchat,3%,,Youtube,1%,,Pinterest,,,Phonepe,,,,,,,,,,,,,,0,,,0,,,0,,,0,,,0,,,0,,,0,,,0,,,0,,,0,,,0,,,,,,,,,,,,,,,,,,
20,18 - 25,Female,In a relationship,Chennai,Last 24 hours,Amazon,,,Myntra,,,Purple,,,QR & Barcode Scanner,,,BookMyShow,,,EazyDiner,,,JioSaavn,,,VITA,,,Whatsapp,,,Drive,,,Hash Music Player,,0,Classroom,,0,Spotify,,0,Netflix,,0,Status Saver,,0,,,0,,,0,,,0,,,0,,,0,,,0,,,,,,,,,,,,,,,,,,
25,18 - 25,Female,Married with no kids,Chennai,Last 24 hours,Whatsapp,25.38%,,Youtube,14.62%,,Snapchat,4.02%,,Truecaller,3.77%,,Meesho,2.49%,,Google Play Store (Service),2.28%,,Instagram,1.65%,,JioSaavn,1.64%,,,,,,,,,,0,,,0,,,0,,,0,,,0,,,0,,,0,,,0,,,0,,,0,,,0,,,,,,,,,,,,,,,,,,
23,18 - 25,Female,In a relationship,Mumbai,Last 24 hours,Instagram,33%,,Whatsapp,17%,,Spotify,3%,,Safari,3%,,Snapchat,1%,,Paytm,1%,,InDrive,,,Outlook,,,Google Pay,,,m-lndicator,,,Siri,,0,Goibibo,,0,UTS,,0,Translate,,0,InShort,,0,WPS Office,,0,,,0,,,0,,,0,,,0,,,0,,,,,,,,,,,,,,,,,,
28,18 - 25,Female,Married with no kids,Mumbai,Last 24 hours,WhatsApp Business,39.66%,,Instagram,35.33%,,Youtube,7.13%,,Google Play Store (Service),2.62%,,Facebook,1.65%,,Chrome,1.20%,,Carrier Services,0.73%,,DMart Ready,0.74%,,Gboard,0.73%,,Google,0.71%,,The Good Creator Co.,0.68%,0.011078527,Google Play Store (Service),0.52%,0.008471815,,,0,,,0,,,0,,,0,,,0,,,0,,,0,,,0,,,0,,,,,,,,,,,,,,,,,,
35,26 - 35,Female,Married with kids,Lucknow,Last 24 hours,Youtube,11.25%,,Whatsapp,5.15%,,Gmail,4.58%,,Truecaller,2.37%,,Google Play Store (Service),2.23%,,Meesho,1.11%,,Phonepe,0.66%,,Google Play Store (Service),0.57%,,shopsy,0.52%,,Facebook,0.52%,,Snapchat,0.50%,0.008145976,,,0,,,0,,,0,,,0,,,0,,,0,,,0,,,0,,,0,,,0,,,,,,,,,,,,,,,,,,
34,26 - 35,Female,Married with kids,Lucknow,Last 24 hours,Instagram,2%,,Meesho,2%,,Myntra ,2%,,Amazon,2%,,Gmail,1%,,Blinkit,1%,,,,,,,,,,,,,,,,0,,,0,,,0,,,0,,,0,,,0,,,0,,,0,,,0,,,0,,,0,,,,,,,,,,,,,,,,,,
35,26 - 35,Female,Married with kids,INDORE,Last 24 hours,Facebook,29.99%,,Instagram,13.05%,,Ludo Club,6.18%,,Gmail,4.76%,,Youtube,4.03%,,Inkitt,3.49%,,Netflix,0.92%,,Chrome,0.80%,,Whatsapp,0.76%,,My Jio,0.32%,,Snapchat,0.30%,0.004887586,Google Play Store (Service),0.24%,0.003910068,Flipkart,0.22%,0.003584229,PharmEasy,0.20%,0.00325839,Swiggy,0.19%,0.003095471,Paytm,0.18%,0.002932551,Gboard,0.16%,0.002606712,Messenger,0.14%,0.002280873,Myntra,0.13%,0.002117954,Sheets,0.10%,0.001629195,,,0,,,,,,,,,,,,,,,,,,
29,26 - 35,Female,Married with kids,BHUBANESHWAR,Last 24 hours,Whatsapp,7.41%,,Whatsapp,3.05%,,Chrome,1.35%,,Google Play Store (Service),1.32%,,Google Play Store (Service),1.26%,,Flipkart,0.67%,,Google,0.60%,,Facebook,0.55%,,,,,,,,,,0,,,0,,,0,,,0,,,0,,,0,,,0,,,0,,,0,,,0,,,0,,,,,,,,,,,,,,,,,,
18,18 - 25,Female,In a relationship,Bangalore,Last 24 hours,,,,,,,,,,,,,,,,,,,,,,,,,,,,,,,,,0,,,0,,,0,,,0,,,0,,,0,,,0,,,0,,,0,,,0,,,0,,,,,,,,,,,,,,,,,,
31,26 - 35,Female,Married with kids,Mumbai,Last 24 hours,Instagram,8.40%,,Google Play Store (Service),,,Whatsapp,0.90%,,Snapchat,0.70%,,Youtube,0.50%,,mlndicator,0.20%,,Truecaller,0.20%,,Dream1,0.20%,,Google Pay,0.10%,,Shopsy,0.10%,,Resso,0.10%,0.001629195,Edge,0.10%,0.001629195,Chrome,0.10%,0.001629195,,,0,,,0,,,0,,,0,,,0,,,0,,,0,,,0,,,,,,,,,,,,,,,,,,
20,18 - 25,Female,In a relationship,Bangalore,Last 24 hours,Snapchat,17%,,Instagram,13%,,Whatsapp,7%,,Youtube,4%,,Prime Video,3%,,,,,,,,,,,,,,,,,,,0,,,0,,,0,,,0,,,0,,,0,,,0,,,0,,,0,,,0,,,0,,,,,,,,,,,,,,,,,,
35,26 - 35,Female,Married with kids,Delhi NCR,Last 24 hours,Whatsapp,25.10%,,Instagram,7.10%,,Meet,7.10%,,Chrome,1.10%,,Airtel,0.60%,,Flipkart,0.50%,,Facebook,0.40%,,Google Play Store (Service),0.40%,,Photo Editor,0.30%,,Microsoft 365 (Office),0.30%,,Telegram,0.30%,0.004887586,Google,0.30%,0.004887586,Sheets,0.20%,0.00325839,Gmail,0.20%,0.00325839,Drive,0.10%,0.001629195,,,0,,,0,,,0,,,0,,,0,,,0,,,,,,,,,,,,,,,,,,
30,26 - 35,Female,Married with kids,Delhi NCR,Last 24 hours,Instagram,42%,,Youtube,16%,,Whatsapp,11%,,Facebook,4%,,Hotstar,3%,,FirstCry,3%,,Spotify,2%,,Gmail,2%,,Snapchat,2%,,Google,1%,,YT Kids,1%,0.016291952,Safari,1%,0.016291952,Zomato,1%,0.016291952,Myntra,,0,Meesho,,0,AJIO,,0,PhotoCollage,,0,Moj,,0,Mamaearth,,0,Truecaller,,0,Amazon,,0,Pinterest,,Momspresso MyMoney,,Translate,,Urbanic,,Ola,,Siri,,Chrome,,JioSaavn,,Messenger,
26,26 - 35,Female,Married with no kids,Bangalore,Last 24 hours,Instagram,40%,,Youtube,16%,,Whatsapp,11%,,Linkedin,3%,,Amazon,2%,,Google Pay,1%,,Chrome,1%,,Myntra,,,Telegram,,,,,,,,0,,,0,,,0,,,0,,,0,,,0,,,0,,,0,,,0,,,0,,,0,,,,,,,,,,,,,,,,,,
22,18 - 25,Female,In a relationship,Lucknow,Last 24 hours,boAt Wave,67.30%,,Instagram,19.50%,,Whatsapp,3.80%,,Snapchat,2.20%,,Truecaller,1.70%,,Google Play Store (Service),1.40%,,Facebook,1.10%,,InShots,0.70%,,Gmail,0.60%,,Google,0.60%,,Blinkit,0.40%,0.006516781,Meet,0.40%,0.006516781,Telegram,0.30%,0.004887586,Chrome,0.30%,0.004887586,Internet/Browser,0.30%,0.004887586,Google Play Store (Service),0.30%,0.004887586,Google Play Store (Service),0.30%,0.004887586,MyJio,0.20%,0.00325839,Google Pay,0.10%,0.001629195,Paytm,0.10%,0.001629195,Myntra,0.10%,0.001629195,,,,,,,,,,,,,,,,,,
19,18 - 25,Female,In a relationship,Kolkata,Last 24 hours,Meet,85.05%,,Whatsapp,0.61%,,,,,,,,,,,,,,,,,,,,,,,,,,,,0,,,0,,,0,,,0,,,0,,,0,,,0,,,0,,,0,,,0,,,0,,,,,,,,,,,,,,,,,,
29,18 - 25,Female,Married with kids,Lucknow,Last 24 hours,Whatsapp,31.17%,,Youtube,24.71%,,Facebook,7.47%,,Google Play Store (Service),7.38%,,Instagram,5.38%,,Meet,2.16%,,Truecaller,1.65%,,AJIO,1.42%,,Myntra,0.91%,,Gmail,0.51%,,,,0,,,0,,,0,,,0,,,0,,,0,,,0,,,0,,,0,,,0,,,0,,,,,,,,,,,,,,,,,,
32,26 - 35,Female,Married with kids,Kolkata,Last 24 hours,Candy Crush Saga,8.90%,,Instagram,26.30%,,Whatsapp,13.90%,,Meet,9.20%,,Google Play Store (Service),0.40%,,Gmail,0.30%,,Pratillipi,0.20%,,,,,,,,,,,,,0,,,0,,,0,,,0,,,0,,,0,,,0,,,0,,,0,,,0,,,0,,,,,,,,,,,,,,,,,,
35,26 - 35,Female,Married with kids,Lucknow,Last 24 hours,Instagram,6.28%,,Youtube,5.96%,,Whatsapp,3.89%,,Meesho,0.60%,,Snapchat,0.30%,,Gmail,0.24%,,,,,,,,,,,,,,,,0,,,0,,,0,,,0,,,0,,,0,,,0,,,0,,,0,,,0,,,0,,,,,,,,,,,,,,,,,,
35,26 - 35,Female,Married with kids,Mumbai,Last 24 hours,boAt Wearables,14.04%,,Youtube,8.97%,,Whatsapp,6.64%,,Google Play Store (Service),3.38%,,Facebook,1.72%,,,,,,,,,,,,,,,,,,,0,,,0,,,0,,,0,,,0,,,0,,,0,,,0,,,0,,,0,,,0,,,,,,,,,,,,,,,,,,
24,18 - 25,Female,In a relationship,Kolkata,Last 24 hours,Whatsapp,7.78%,,Instagram,3.92%,,Facebook,3.24%,,Google Play Store (Service),2.08%,,Snapchat,2.01%,,Youtube,0.86%,,,,,,,,,,,,,,,,0,,,0,,,0,,,0,,,0,,,0,,,0,,,0,,,0,,,0,,,0,,,,,,,,,,,,,,,,,,
24,18 - 25,Female,In a relationship,Lucknow,Last 240 hours,Whatsapp,20.70%,,Instagram,13.55%,,Youtube,8.41%,,Spotify,8.03%,,Truecaller,7.06%,,Google Play Store (Service),4.72%,,Meet,1.88%,,Facebook,1.45%,,Paytm,1.18%,,Swiggy,0.71%,,Telegram,0.64%,0.010426849,,,0,,,0,,,0,,,0,,,0,,,0,,,0,,,0,,,0,,,0,,,,,,,,,,,,,,,,,,
34,18 - 25,Female,Married with no kids,Lucknow,Last 24 hours,Youtube,14.39%,,Whatsapp,11.60%,,Whatsapp,5.51%,,Google Play Store (Service),2.55%,,,,,,,,,,,,,,,,,,,,,,0,,,0,,,0,,,0,,,0,,,0,,,0,,,0,,,0,,,0,,,0,,,,,,,,,,,,,,,,,,
25,18 - 25,Female,Married with kids,Lucknow,Last 24 hours,,,,,,,,,,,,,,,,,,,,,,,,,,,,,,,,,0,,,0,,,0,,,0,,,0,,,0,,,0,,,0,,,0,,,0,,,0,,,,,,,,,,,,,,,,,,
29,26 - 35,Female,Married with kids,Kolkata,Last 24 hours,4T kids,23.68%,,Instagram,6.00%,,Youtube,5.98%,,Whatsapp,3.92%,,Google Play Store (Service),2.66%,,Facebook,1.83%,,Truecaller,0.96%,,Gmail,0.78%,,Amazon,0.66%,,,,,,,0,,,0,,,0,,,0,,,0,,,0,,,0,,,0,,,0,,,0,,,0,,,,,,,,,,,,,,,,,,
30,18 - 25,Female,Married with kids,Lucknow,Last 48 hours,Whatsapp,22.26%,,Share chat,14%,,Youtube,8.92%,,Facebook,3.04%,,Google Play Store (Service),1.62%,,MyJio,1.04%,,Google Pay,0.66%,,Swiggy,0.66%,,,,,,,,,,,,,,,,,,,,,,,,,,,,,,,,,,,,,,,,,,,,,,,,,,,,,,,,,,
34,26 - 35,Female,Married with kids,Lucknow,Last 24 hours,Whatsapp,25%,,Instagram,18%,,Facebook,8%,,Netflix,5%,,Flipkart,5%,,Hotstar,3%,,FirstCry,3%,,Swiggy,2%,,Google Play Store (Service),2%,,,2%,,Gmail,1%,0.016291952,,,0,,,0,,,0,,,0,,,0,,,0,,,0,,,0,,,0,,,0,,,,,,,,,,,,,,,,,,
35,26 - 35,Female,Married with no kids,Lucknow,Last 24 hours,Youtube,19.41%,,Instagram,17.10%,,Whatsapp,11.21%,,Snapchat,3.96%,,Google Play Store (Service),3.23%,,Gmail,2.38%,,Facebook,1.83%,,Google Pay,0.76%,,Google Play Store (Service),0.47%,,,,,,,0,,,0,,,0,,,0,,,0,,,0,,,0,,,0,,,0,,,0,,,0,,,,,,,,,,,,,,,,,,
26,26 - 35,Female,In a relationship,Kolkata,Last 24 hours,Gmail,7.42%,,Youtube,5.24%,,Google Play Store (Service),5.23%,,Instagram,4.54%,,Whatsapp,2.31%,,Facebook,1.24%,,Truecaller,0.88%,,,,,,,,,,,,,0,,,0,,,0,,,0,,,0,,,0,,,0,,,0,,,0,,,0,,,0,,,,,,,,,,,,,,,,,,
30,26 - 35,Female,Married with no kids,Kolkata,Last 24 hours,Facebook,15%,,Whatsapp,4%,,Youtube,2%,,Gmail,2%,,Drive,1%,,Instagram,1%,,Instagram,1%,,Chrome,1%,,MakeMyTrip,1%,,,,,,,0,,,0,,,0,,,0,,,0,,,0,,,0,,,0,,,0,,,0,,,0,,,,,,,,,,,,,,,,,,
33,26 - 35,Female,Married with kids,Lucknow,Last 24 hours,Instagram,38%,,Facebook,38%,,Whatsapp,12%,,Youtube,11%,,Dude Theft Wars ,10%,,Truecaller,4%,,Swiggy,4%,,Google Play Store (Service),3%,,Gmail,2%,,Paytm,2%,,Flipkart,2%,0.032583904,,,0,,,0,,,0,,,0,,,0,,,0,,,0,,,0,,,0,,,0,,,,,,,,,,,,,,,,,,
30,26 - 35,Female,Married with kids,Bangalore,Last 24 hours,Chrome,35.66%,,Youtube,6.05%,,Google,1.75%,,Facebook,1.68%,,Amazon,1.33%,,Google Play Store (Service),1.00%,,,,,,,,,,,,,,,,0,,,0,,,0,,,0,,,0,,,0,,,0,,,0,,,0,,,0,,,0,,,,,,,,,,,,,,,,,,
28,26 - 35,Female,Married with kids,Lucknow,Last 24 hours,Differences,34%,,Facebook,18%,,Whatsapp,9%,,Moj,4%,,ShareKaro,3%,,Youtube,3%,,Voot,2%,,LudoKing,1%,,Truecaller,,,Messenger,,,Snapchat,,0,ShareChat,,0,Dornino's,,0,Flow Legends,,0,MX Player,,0,Translate,,0,My Jio,,0,Google,,0,Google Pay,,0,ShareFile,,0,Safari,,0,,,,,,,,,,,,,,,,,,
30,26 - 35,Female,Married with kids,Lucknow,Last 24 hours,Whatsapp,9.46%,,Snapchat,7.69%,,Google Play Store (Service),3.05%,,Truecaller,2.71%,,Lite,1.85%,,Youtube,1.70%,,Flipkart,0.96%,,Telegram,0.54%,,Meet,0.34%,,Facebook,0.33%,,Paytm,0.21%,0.00342131,MyJio,0.12%,0.001955034,,,0,,,0,,,0,,,0,,,0,,,0,,,0,,,0,,,0,,,,,,,,,,,,,,,,,,
24,18 - 25,Female,In a relationship,Kolkata,Last 24 hours,Youtube,19.12%,,Instagram,18.30%,,Whatsapp,13.86%,,Gmail,5.25%,,Google Play Store (Service),4.40%,,Google Play Store (Service),3.70%,,Facebook,2.19%,,Google Pay,0.97%,,,,,,,,,,0,,,0,,,0,,,0,,,0,,,0,,,0,,,0,,,0,,,0,,,0,,,,,,,,,,,,,,,,,,
32,26 - 35,Female,Married with kids,Lucknow,Last 24 hours,Whatsapp,24%,,Google Play Store (Service),5%,,Truecaller,5%,,Facebook,4%,,Youtube,3%,,Gmail,1%,,Gboard,1%,,Google Play Store (Service),1%,,Google,1%,,ShareKaro,1%,,Messenger,1%,0.016291952,Browser,1%,0.016291952,ShareChat,1%,0.016291952,Chrome,1%,0.016291952,,,0,,,0,,,0,,,0,,,0,,,0,,,0,,,,,,,,,,,,,,,,,,
26,18 - 25,Female,Married with no kids,Kolkata,Last 48 hours,Facebook,49.99%,,Youtube,13.51%,,Whatsapp,10%,,,,,,,,,,,,,,,,,,,,,,,,,,,,,,,,,,,,,,,,,,,,,,,,,,,,,,,,,,,,,,,,,,,,,,,,,
32,26 - 35,Female,Married with kids,Lucknow,Last 24 hours,Youtube,11%,,Whatsapp,4%,,Facebook,3%,,Google Play Store (Service),2%,,Telegram,1%,,Amazon,1%,,Gmail,1%,,,,,,,,,,,,,0,,,0,,,0,,,0,,,0,,,0,,,0,,,0,,,0,,,0,,,0,,,,,,,,,,,,,,,,,,
26,26 - 35,Female,In a relationship,Lucknow,Last 240 hours,Instagram,12%,,Whatsapp,10%,,Youtube,3%,,Facebook,3%,,Google Play Store (Service),2%,,Telegram,2%,,Meet,1%,,Crandy crush saga,1%,,,,,,,,,,,,,,,,,,,,,,,,,,,,,,,,,,,,,,,,,,,,,,,,,,,,,,,,,,
30,26 - 35,Female,Married with kids,Lucknow,Last 24 hours,Whatsapp,8.57%,,Facebook,5.04%,,Google Play Store (Service),3.96%,,Truecaller,2.56%,,Instagram,2.54%,,Snapchat,1.78%,,Meet,1.74%,,,,,,,,,,,,,0,,,0,,,0,,,0,,,0,,,0,,,0,,,0,,,0,,,0,,,0,,,,,,,,,,,,,,,,,,
21,18 - 25,Female,In a relationship,Lucknow,Last 240 hours,Eyecon,37.90%,,Moj,6.80%,,Facebook,4.80%,,Whatsapp,1.30%,,Google Play Store (Service),1.20%,,,,,,,,,,,,,,,,,,,,,,,,,,,,,,,,,,,,,,,,,,,,,,,,,,,,,,,,,,,,,,,,,,,
34,26 - 35,Female,Married with kids,Mumbai,Last 24 hours,Gmail,15%,,Qubo,6%,,Instagram,4%,,Telegram,2%,,Twitter,2%,,Facebook,1%,,Amazon,1%,,,,,,,,,,,,,0,,,0,,,0,,,0,,,0,,,0,,,0,,,0,,,0,,,0,,,0,,,,,,,,,,,,,,,,,,
35,26 - 35,Female,Married with kids,Lucknow,Last 24 hours,Facebook,14%,,Whatsapp,11%,,Youtube,5%,,Truecaller,4%,,Shopsy,3%,,Instagram,2%,,Meesho,2%,,Myntra,2%,,Amazon,2%,,Gmail,1%,,,,0,,,0,,,0,,,0,,,0,,,0,,,0,,,0,,,0,,,0,,,0,,,,,,,,,,,,,,,,,,
23,18 - 25,Female,In a relationship,Mumbai,Last 24 hours,AdControl-AD1,,,Adobe Scan,,,Airtel,,,AJIO,,,Amazon,,,AnyDesk,,,canvas,,,Clone Phone,,,Community,,,Drive,,,Facebook,,0,Google Pay,,0,Hello English,,0,HiTV,,0,Instagram,,0,JioMart,,0,Lens,,0,Meet,,0,Messenger,,0,mIndicator,,0,Myntra,,0,Naukri.com,,OnePlusStore,,OnePlus Widget,,Picsart,,Prime Video,,Purple,,Simpl,,Snapchat,,Spotify,
24,18 - 25,Female,In a relationship,Kolkata,Last 24 hours,Instagram,28%,,Chrome,5%,,Whatsapp,3%,,Truecaller,3%,,Netflix,2%,,Google Play Store (Service),1%,,Zomato,1%,,Snapchat,1%,,,,,,,,,,0,,,0,,,0,,,0,,,0,,,0,,,0,,,0,,,0,,,0,,,0,,,,,,,,,,,,,,,,,,
26,26 - 35,Female,Married with no kids,Mumbai,Last 24 hours,Instagram,9.91%,,Whatsapp,7.27%,,Google Play Store (Service),4.70%,,Youtube,4.21%,,Snapchat,2.31%,,WhatsApp (Clone),1.74%,,Chrome,1.04%,,Truecaller,0.95%,,Chalo,0.80%,,Facebook,0.73%,,Amazon,0.69%,0.011241447,NoiseFit,0.60%,0.009775171,Google Play Store (Service),0.60%,0.009775171,ShemarooMe,0.38%,0.006190942,OnePlus Account,0.30%,0.004887586,Google Play Store (Service),0.28%,0.004561746,Work-Life Balance,0.27%,0.004398827,JioCinema,0.22%,0.003584229,Gboard,0.18%,0.002932551,MX Player,0.18%,0.002932551,Swiggy,0.14%,0.002280873,Grow,0.13%,Zomato,0.12%,,,,,,,,,,,,,,
35,26 - 35,Female,Married with kids,Lucknow,Last 24 hours,Instagram,13%,,Battlegrounds India,13%,,Youtube,9%,,Whatsapp,5%,,Spotify,2%,,Crunchyroll,1%,,Subway Surf,1%,,Stumble Guys,1%,,,,,,,,,,0,,,0,,,0,,,0,,,0,,,0,,,0,,,0,,,0,,,0,,,0,,,,,,,,,,,,,,,,,,
32,26 - 35,Female,Married with kids,Lucknow,Last 24 hours,Instagram,15.36%,,Whatsapp,13.17%,,Snapchat,9.24%,,ViMusic,2.65%,,Gmail,1.81%,,Google,1.21%,,Truecaller,1.18%,,Facebook,1.18%,,Chrome,0.95%,,Youtube,0.93%,,Linkedin,0.72%,0.011730205,Google Pay,0.34%,0.005539264,Internet,0.33%,0.005376344,HiTV,0.31%,0.005050505,,,0,,,0,,,0,,,0,,,0,,,0,,,0,,,,,,,,,,,,,,,,,,
